micrograph_id,path,primary_microconstituent,detector,magnification,micron_bar,micron_bar_units,micron_bar_px,sample_key,label,anneal_temperature,anneal_temp_unit,anneal_time,anneal_time_unit,cool_method
1,micrograph1.tif,pearlite,SE,4910x,5.0,um,129,42.0,ET Gyro,,,,,
2,micrograph2.tif,spheroidite,SE,1964X,10.0,um,103,18.0,AC1 800C 85H WQ,800.0,C,85.0,H,WQ
4,micrograph4.tif,pearlite+spheroidite,SE,,10.0,um,129,35.0,AC1 970C 90M FC,970.0,C,90.0,M,FC
5,micrograph5.tif,pearlite,SE,4910X,5.0,um,129,10.0,AC1 750C 5M WQ,750.0,C,5.0,M,WQ
6,micrograph6.tif,spheroidite,SE,1178X,20.0,um,124,29.0,AC1 970C 90M AR,970.0,C,90.0,M,AR
7,micrograph7.tif,spheroidite+widmanstatten,SE,982x,20.0,um,103,40.0,AC1 970C 90M Q,970.0,C,90.0,M,Q
8,micrograph8.tif,network,SE,,100.0,um,103,31.0,AC1 970C 90M 65C 4H FC,970.0,C,90.0,M,FC
9,micrograph9.tif,network,SE,98x,200.0,um,103,31.0,AC1 970C 90M 65C 4H FC,970.0,C,90.0,M,FC
10,micrograph10.png,spheroidite,SE,1964X,10.0,um,103,39.0,AC1 970C 8H Q,970.0,C,8.0,H,Q
11,micrograph11.tif,spheroidite,SE,1964X,10.0,um,103,18.0,AC1 800C 85H WQ,800.0,C,85.0,H,WQ
12,micrograph12.tif,pearlite+spheroidite,SE,982x,20.0,um,103,,,,,,,
13,micrograph13.tif,network,SE,98x,200.0,um,103,8.0,AC1 800C 5M WQ,800.0,C,5.0,M,WQ
14,micrograph14.tif,network,SE,98X,200.0,um,103,41.0,AC1 IS1010H 35X etched,,,,,
15,micrograph15.tif,pearlite+spheroidite,SE,786x,20.0,um,83,,,,,,,
18,micrograph18.png,network,SE,98X,200.0,um,103,39.0,AC1 970C 8H Q,970.0,C,8.0,H,Q
20,micrograph20.tif,martensite,SE,1964X,10.0,um,103,41.0,AC1 IS1010H 35X etched,,,,,
21,micrograph21.tif,network,SE,98x,200.0,um,103,3.0,AC1 + vickers mark,,,,,
24,micrograph24.tif,network,SE,98x,200.0,um,103,33.0,AC1 970C 90M WQ-2C,970.0,C,90.0,M,WQ-2C
26,micrograph26.tif,spheroidite+widmanstatten,SE,1964X,10.0,um,103,4.0,AC1 1000C 5M WQ,1000.0,C,5.0,M,WQ
28,micrograph28.tif,network,SE,49X,500.0,um,129,,,,,,,
29,micrograph29.tif,spheroidite,SE,1473X,20.0,um,154,35.0,AC1 970C 90M FC,970.0,C,90.0,M,FC
30,micrograph30.tif,spheroidite,SE,982x,20.0,um,103,20.0,AC1 900C 24H Q,900.0,C,24.0,H,Q
31,micrograph31.tif,network,SE,49X,500.0,um,129,,,,,,,
32,micrograph32.tif,spheroidite,SE,982x,20.0,um,103,25.0,AC1 970C 24H WQ,970.0,C,24.0,H,WQ
33,micrograph33.tif,network,SE,,500.0,um,129,,,,,,,
35,micrograph35.tif,network,SE,98x,200.0,um,103,34.0,AC1 970 5M FC,970.0,C,5.0,M,FC
36,micrograph36.tif,network,SE,98x,200.0,um,103,42.0,ET Gyro,,,,,
37,micrograph37.tif,spheroidite+widmanstatten,SE,982x,20.0,um,103,38.0,AC1 970C 5M Q,970.0,C,5.0,M,Q
39,micrograph39.tif,spheroidite,SE,982x,20.0,um,103,34.0,AC1 970 5M FC,970.0,C,5.0,M,FC
41,micrograph41.tif,martensite,BSE,98x,200.0,um,103,41.0,AC1 IS1010H 35X etched,,,,,
42,micrograph42.tif,network,BSE,98X,200.0,um,103,7.0,AC1 800C 3H WQ,800.0,C,3.0,H,WQ
44,micrograph44.tif,martensite,SE,491x,50.0,um,129,47.0,SIS_XL.TIF,,,,,
46,micrograph46.tif,network,SE,,500.0,um,129,,,,,,,
47,micrograph47.tif,network,SE,49X,500.0,um,129,,,,,,,
48,micrograph48.tif,spheroidite,SE,1964X,10.0,um,103,11.0,AC1 800C 900C 970C 90M WQ,800.0,C,90.0,M,WQ
49,micrograph49.tif,spheroidite,SE,982x,20.0,um,103,36.0,AC1 970C 24H Q,970.0,C,24.0,H,Q
51,micrograph51.tif,network,SE,98X,200.0,um,103,47.0,SIS_XL.TIF,,,,,
52,micrograph52.tif,pearlite,SE,,10.0,um,129,,,,,,,
53,micrograph53.tif,spheroidite,SE,1964X,10.0,um,103,32.0,AC1 970C 90M WC,970.0,C,90.0,M,WC
58,micrograph58.tif,spheroidite+widmanstatten,SE,982x,20.0,um,103,23.0,AC1 900C 90M Q,900.0,C,90.0,M,Q
59,micrograph59.tif,pearlite,SE,11785x,2.0,um,124,9.0,AC1 700C 5M WQ,700.0,C,5.0,M,WQ
60,micrograph60.tif,network,SE,98X,200.0,um,103,35.0,AC1 970C 90M FC,970.0,C,90.0,M,FC
62,micrograph62.tif,pearlite+spheroidite,SE,4910x,5.0,um,129,,,,,,,
65,micrograph65.tif,network,SE,98x,200.0,um,103,12.0,AC1 800C 90M WQ,800.0,C,90.0,M,WQ
67,micrograph67.tif,spheroidite,SE,4910X,5.0,um,129,2.0,AC 800C 8H WQ,800.0,C,8.0,H,WQ
68,micrograph68.tif,spheroidite,SE,4910X,5.0,um,129,7.0,AC1 800C 3H WQ,800.0,C,3.0,H,WQ
69,micrograph69.tif,spheroidite,SE,982x,20.0,um,103,35.0,AC1 970C 90M FC,970.0,C,90.0,M,FC
70,micrograph70.tif,network,BSE,98x,200.0,um,103,7.0,AC1 800C 3H WQ,800.0,C,3.0,H,WQ
71,micrograph71.tif,pearlite+spheroidite,SE,982x,20.0,um,103,44.0,IN1 Etched Sample,,,,,
72,micrograph72.tif,network,SE,98X,200.0,um,103,37.0,AC1 970C 3H Q,970.0,C,3.0,H,Q
74,micrograph74.tif,pearlite,SE,11785x,2.0,um,124,44.0,IN1 Etched Sample,,,,,
75,micrograph75.tif,spheroidite,SE,982x,20.0,um,103,37.0,AC1 970C 3H Q,970.0,C,3.0,H,Q
76,micrograph76.tif,spheroidite,SE,1964X,10.0,um,103,6.0,AC1 800C 24H WQ,800.0,C,24.0,H,WQ
80,micrograph80.tif,network,BSE,98x,200.0,um,103,47.0,SIS_XL.TIF,,,,,
82,micrograph82.tif,spheroidite,SE,1964X,10.0,um,103,6.0,AC1 800C 24H WQ,800.0,C,24.0,H,WQ
86,micrograph86.tif,network,SE,118x,200.0,um,124,37.0,AC1 970C 3H Q,970.0,C,3.0,H,Q
88,micrograph88.tif,network,BSE,118x,200.0,um,124,24.0,AC1 970C 24H WQ,970.0,C,24.0,H,WQ
89,micrograph89.tif,network,SE,98X,200.0,um,103,47.0,SIS_XL.TIF,,,,,
90,micrograph90.tif,spheroidite,BSE,982x,20.0,um,103,24.0,AC1 970C 24H WQ,970.0,C,24.0,H,WQ
91,micrograph91.tif,pearlite,SE,14731x,2.0,um,154,47.0,SIS_XL.TIF,,,,,
95,micrograph95.tif,network,SE,118x,200.0,um,124,19.0,AC1 900C 90M WQ,900.0,C,90.0,M,WQ
97,micrograph97.tif,network,SE,98x,200.0,um,103,6.0,AC1 800C 24H WQ,800.0,C,24.0,H,WQ
98,micrograph98.tif,spheroidite,SE,1964X,10.0,um,103,20.0,AC1 900C 24H Q,900.0,C,24.0,H,Q
99,micrograph99.tif,martensite,BSE,,10.0,um,129,41.0,AC1 IS1010H 35X etched,,,,,
104,micrograph104.tif,spheroidite,SE,982x,20.0,um,103,29.0,AC1 970C 90M AR,970.0,C,90.0,M,AR
106,micrograph106.png,spheroidite,,1964X,10.0,um,103,37.0,AC1 970C 3H Q,970.0,C,3.0,H,Q
107,micrograph107.png,spheroidite,SE,1964X,10.0,um,103,40.0,AC1 970C 90M Q,970.0,C,90.0,M,Q
109,micrograph109.tif,pearlite+spheroidite,SE,4910X,5.0,um,129,,,,,,,
111,micrograph111.tif,pearlite+spheroidite,SE,4910X,5.0,um,129,35.0,AC1 970C 90M FC,970.0,C,90.0,M,FC
112,micrograph112.tif,network,SE,49X,500.0,um,129,,,,,,,
113,micrograph113.tif,network,BSE,98X,200.0,um,103,7.0,AC1 800C 3H WQ,800.0,C,3.0,H,WQ
114,micrograph114.tif,martensite,SE,491x,50.0,um,129,47.0,SIS_XL.TIF,,,,,
119,micrograph119.tif,pearlite+spheroidite,SE,,10.0,um,129,35.0,AC1 970C 90M FC,970.0,C,90.0,M,FC
121,micrograph121.tif,pearlite,SE,,200.0,nm,103,42.0,ET Gyro,,,,,
122,micrograph122.tif,spheroidite,SE,1964X,10.0,um,103,17.0,AC1 800C 85H Q,800.0,C,85.0,H,Q
124,micrograph124.tif,spheroidite,SE,1964X,10.0,um,103,14.0,AC1 800C 3H Q,800.0,C,3.0,H,Q
126,micrograph126.tif,pearlite,SE,,10.0,um,129,,,,,,,
127,micrograph127.tif,network,SE,49X,500.0,um,129,,,,,,,
128,micrograph128.tif,network,SE,49X,500.0,um,129,,,,,,,
130,micrograph130.tif,pearlite,SE,24551X,1.0,um,129,47.0,SIS_XL.TIF,,,,,
131,micrograph131.tif,pearlite+spheroidite,SE,786x,20.0,um,83,,,,,,,
133,micrograph133.tif,network,SE,98X,200.0,um,103,4.0,AC1 1000C 5M WQ,1000.0,C,5.0,M,WQ
135,micrograph135.tif,spheroidite,,1473X,20.0,um,154,26.0,AC1 970C 3H WQ,970.0,C,3.0,H,WQ
137,micrograph137.tif,pearlite+spheroidite,SE,4910x,5.0,um,129,,,,,,,
138,micrograph138.tif,spheroidite,SE,491x,50.0,um,129,27.0,AC1 970C 48H WQ,970.0,C,48.0,H,WQ
148,micrograph148.tif,spheroidite,SE,3437x,5.0,um,90,19.0,AC1 900C 90M WQ,900.0,C,90.0,M,WQ
150,micrograph150.tif,network,SE,98X,200.0,um,103,35.0,AC1 970C 90M FC,970.0,C,90.0,M,FC
152,micrograph152.png,spheroidite,,1964X,10.0,um,103,37.0,AC1 970C 3H Q,970.0,C,3.0,H,Q
154,micrograph154.tif,spheroidite,BSE,1473X,20.0,um,154,24.0,AC1 970C 24H WQ,970.0,C,24.0,H,WQ
156,micrograph156.png,spheroidite,SE,1964X,10.0,um,103,36.0,AC1 970C 24H Q,970.0,C,24.0,H,Q
157,micrograph157.tif,network,SE,,500.0,um,129,42.0,ET Gyro,,,,,
160,micrograph160.tif,spheroidite,SE,1473X,20.0,um,154,28.0,AC1 970C 8H WQ,970.0,C,8.0,H,WQ
161,micrograph161.tif,spheroidite,SE,1964X,10.0,um,103,21.0,AC1 900C 3H Q,900.0,C,3.0,H,Q
162,micrograph162.tif,spheroidite,SE,491x,50.0,um,129,27.0,AC1 970C 48H WQ,970.0,C,48.0,H,WQ
166,micrograph166.tif,pearlite+spheroidite,SE,4910X,5.0,um,129,,,,,,,
168,micrograph168.tif,martensite,BSE,98x,200.0,um,103,41.0,AC1 IS1010H 35X etched,,,,,
169,micrograph169.tif,spheroidite,SE,1964X,10.0,um,103,17.0,AC1 800C 85H Q,800.0,C,85.0,H,Q
170,micrograph170.tif,spheroidite,SE,1964X,10.0,um,103,6.0,AC1 800C 24H WQ,800.0,C,24.0,H,WQ
171,micrograph171.tif,spheroidite,SE,491x,50.0,um,129,24.0,AC1 970C 24H WQ,970.0,C,24.0,H,WQ
172,micrograph172.tif,spheroidite,SE,1964X,10.0,um,103,20.0,AC1 900C 24H Q,900.0,C,24.0,H,Q
173,micrograph173.png,network,,98x,200.0,um,103,37.0,AC1 970C 3H Q,970.0,C,3.0,H,Q
176,micrograph176.tif,pearlite,BSE,4910X,5.0,um,129,47.0,SIS_XL.TIF,,,,,
177,micrograph177.png,spheroidite,SE,1964X,10.0,um,103,36.0,AC1 970C 24H Q,970.0,C,24.0,H,Q
178,micrograph178.tif,spheroidite,SE,1964X,10.0,um,103,25.0,AC1 970C 24H WQ,970.0,C,24.0,H,WQ
180,micrograph180.tif,pearlite,SE,24551X,1.0,um,129,47.0,SIS_XL.TIF,,,,,
184,micrograph184.tif,spheroidite,SE,4910X,5.0,um,129,16.0,AC1 800C 8H Q,800.0,C,8.0,H,Q
185,micrograph185.tif,spheroidite,SE,,2.0,um,103,2.0,AC 800C 8H WQ,800.0,C,8.0,H,WQ
186,micrograph186.tif,pearlite+spheroidite,SE,4910X,5.0,um,129,,,,,,,
188,micrograph188.tif,network,SE,34X,500.0,um,90,44.0,IN1 Etched Sample,,,,,
189,micrograph189.tif,network,BSE,98X,200.0,um,103,47.0,SIS_XL.TIF,,,,,
191,micrograph191.tif,spheroidite+widmanstatten,SE,1178X,20.0,um,124,4.0,AC1 1000C 5M WQ,1000.0,C,5.0,M,WQ
192,micrograph192.tif,spheroidite,SE,1964X,10.0,um,103,6.0,AC1 800C 24H WQ,800.0,C,24.0,H,WQ
193,micrograph193.tif,pearlite+spheroidite,SE,4910X,5.0,um,129,5.0,AC1 1100C 1H 650C 1H,1100.0,C,1.0,H,650-1H
194,micrograph194.tif,pearlite,SE,,2.0,um,103,42.0,ET Gyro,,,,,
195,micrograph195.tif,spheroidite,SE,4910X,5.0,um,129,29.0,AC1 970C 90M AR,970.0,C,90.0,M,AR
196,micrograph196.tif,spheroidite,SE,4910X,5.0,um,129,33.0,AC1 970C 90M WQ-2C,970.0,C,90.0,M,WQ-2C
198,micrograph198.tif,pearlite,SE,19641x,1.0,um,103,9.0,AC1 700C 5M WQ,700.0,C,5.0,M,WQ
200,micrograph200.tif,spheroidite+widmanstatten,SE,246x,100.0,um,129,25.0,AC1 970C 24H WQ,970.0,C,24.0,H,WQ
201,micrograph201.tif,pearlite+spheroidite,SE,982x,20.0,um,103,44.0,IN1 Etched Sample,,,,,
202,micrograph202.tif,spheroidite,SE,982x,20.0,um,103,25.0,AC1 970C 24H WQ,970.0,C,24.0,H,WQ
204,micrograph204.tif,network,SE,,500.0,um,129,,,,,,,
205,micrograph205.tif,spheroidite,SE,,2.0,um,103,19.0,AC1 900C 90M WQ,900.0,C,90.0,M,WQ
209,micrograph209.tif,spheroidite,SE,4910X,5.0,um,129,29.0,AC1 970C 90M AR,970.0,C,90.0,M,AR
210,micrograph210.tif,spheroidite,SE,1964X,10.0,um,103,21.0,AC1 900C 3H Q,900.0,C,3.0,H,Q
211,micrograph211.tif,pearlite+spheroidite,SE,1964X,10.0,um,103,44.0,IN1 Etched Sample,,,,,
212,micrograph212.tif,pearlite,SE,,2.0,um,103,42.0,ET Gyro,,,,,
214,micrograph214.tif,spheroidite+widmanstatten,SE,1964X,10.0,um,103,34.0,AC1 970 5M FC,970.0,C,5.0,M,FC
218,micrograph218.tif,pearlite,SE,,2.0,um,83,10.0,AC1 750C 5M WQ,750.0,C,5.0,M,WQ
220,micrograph220.tif,spheroidite,SE,982x,20.0,um,103,16.0,AC1 800C 8H Q,800.0,C,8.0,H,Q
221,micrograph221.tif,spheroidite+widmanstatten,SE,1473X,20.0,um,154,34.0,AC1 970 5M FC,970.0,C,5.0,M,FC
222,micrograph222.tif,spheroidite+widmanstatten,SE,1473X,20.0,um,154,34.0,AC1 970 5M FC,970.0,C,5.0,M,FC
223,micrograph223.png,spheroidite,,1964X,10.0,um,103,37.0,AC1 970C 3H Q,970.0,C,3.0,H,Q
224,micrograph224.tif,pearlite+spheroidite,SE,1964X,10.0,um,103,35.0,AC1 970C 90M FC,970.0,C,90.0,M,FC
229,micrograph229.tif,network,SE,98X,200.0,um,103,37.0,AC1 970C 3H Q,970.0,C,3.0,H,Q
231,micrograph231.tif,spheroidite,SE,982x,20.0,um,103,21.0,AC1 900C 3H Q,900.0,C,3.0,H,Q
233,micrograph233.tif,spheroidite+widmanstatten,SE,982x,20.0,um,103,14.0,AC1 800C 3H Q,800.0,C,3.0,H,Q
234,micrograph234.tif,spheroidite,SE,982x,20.0,um,103,20.0,AC1 900C 24H Q,900.0,C,24.0,H,Q
235,micrograph235.tif,spheroidite,SE,982x,20.0,um,103,29.0,AC1 970C 90M AR,970.0,C,90.0,M,AR
237,micrograph237.tif,spheroidite,SE,1964X,10.0,um,103,13.0,AC1 800C 24H Q,800.0,C,24.0,H,Q
242,micrograph242.tif,network,SE,98X,200.0,um,103,4.0,AC1 1000C 5M WQ,1000.0,C,5.0,M,WQ
243,micrograph243.png,spheroidite,,1964X,10.0,um,103,37.0,AC1 970C 3H Q,970.0,C,3.0,H,Q
245,micrograph245.tif,pearlite+spheroidite,BSE,3437x,5.0,um,90,,,,,,,
247,micrograph247.tif,pearlite,SE,,2.0,um,103,10.0,AC1 750C 5M WQ,750.0,C,5.0,M,WQ
248,micrograph248.tif,spheroidite,SE,982x,20.0,um,103,39.0,AC1 970C 8H Q,970.0,C,8.0,H,Q
251,micrograph251.tif,network,SE,98x,200.0,um,103,3.0,AC1 + vickers mark,,,,,
252,micrograph252.tif,pearlite,SE,9820X,2.0,um,103,47.0,SIS_XL.TIF,,,,,
253,micrograph253.tif,network,SE,98x,200.0,um,103,3.0,AC1 + vickers mark,,,,,
255,micrograph255.tif,network,SE,98X,200.0,um,103,28.0,AC1 970C 8H WQ,970.0,C,8.0,H,WQ
257,micrograph257.tif,spheroidite,BSE,638x,20.0,um,67,24.0,AC1 970C 24H WQ,970.0,C,24.0,H,WQ
261,micrograph261.tif,spheroidite,SE,1964X,10.0,um,103,2.0,AC 800C 8H WQ,800.0,C,8.0,H,WQ
265,micrograph265.tif,spheroidite,SE,1964X,10.0,um,103,6.0,AC1 800C 24H WQ,800.0,C,24.0,H,WQ
269,micrograph269.tif,network,SE,98x,200.0,um,103,47.0,SIS_XL.TIF,,,,,
271,micrograph271.tif,spheroidite,SE,1964X,10.0,um,103,23.0,AC1 900C 90M Q,900.0,C,90.0,M,Q
272,micrograph272.tif,spheroidite,SE,4910X,5.0,um,129,38.0,AC1 970C 5M Q,970.0,C,5.0,M,Q
273,micrograph273.tif,pearlite,SE,1964X,10.0,um,103,47.0,SIS_XL.TIF,,,,,
280,micrograph280.tif,network,BSE,98X,200.0,um,103,47.0,SIS_XL.TIF,,,,,
283,micrograph283.tif,spheroidite,SE,,2.0,um,103,2.0,AC 800C 8H WQ,800.0,C,8.0,H,WQ
284,micrograph284.tif,pearlite,SE,34372X,500.0,nm,90,,,,,,,
285,micrograph285.tif,network,SE,98X,200.0,um,103,37.0,AC1 970C 3H Q,970.0,C,3.0,H,Q
286,micrograph286.tif,spheroidite,SE,4910X,5.0,um,129,38.0,AC1 970C 5M Q,970.0,C,5.0,M,Q
288,micrograph288.tif,pearlite+spheroidite,BSE,,10.0,um,129,,,,,,,
295,micrograph295.tif,spheroidite+widmanstatten,SE,982x,20.0,um,103,40.0,AC1 970C 90M Q,970.0,C,90.0,M,Q
296,micrograph296.tif,spheroidite,SE,4910X,5.0,um,129,16.0,AC1 800C 8H Q,800.0,C,8.0,H,Q
297,micrograph297.tif,network,SE,49X,500.0,um,129,47.0,SIS_XL.TIF,,,,,
301,micrograph301.tif,network,SE,98X,200.0,um,103,10.0,AC1 750C 5M WQ,750.0,C,5.0,M,WQ
305,micrograph305.tif,network,SE,118x,200.0,um,124,47.0,SIS_XL.TIF,,,,,
306,micrograph306.tif,network,SE,98X,200.0,um,103,9.0,AC1 700C 5M WQ,700.0,C,5.0,M,WQ
308,micrograph308.tif,spheroidite,SE,1964X,10.0,um,103,20.0,AC1 900C 24H Q,900.0,C,24.0,H,Q
309,micrograph309.tif,pearlite,SE,24551X,1.0,um,129,47.0,SIS_XL.TIF,,,,,
311,micrograph311.tif,spheroidite,SE,4910x,5.0,um,129,12.0,AC1 800C 90M WQ,800.0,C,90.0,M,WQ
312,micrograph312.tif,spheroidite,SE,982x,20.0,um,103,16.0,AC1 800C 8H Q,800.0,C,8.0,H,Q
313,micrograph313.tif,spheroidite+widmanstatten,SE,7856X,2.0,um,83,34.0,AC1 970 5M FC,970.0,C,5.0,M,FC
314,micrograph314.tif,spheroidite+widmanstatten,SE,2455X,10.0,um,129,34.0,AC1 970 5M FC,970.0,C,5.0,M,FC
316,micrograph316.tif,network,SE,98X,200.0,um,103,41.0,AC1 IS1010H 35X etched,,,,,
318,micrograph318.png,spheroidite,SE,1964X,10.0,um,103,39.0,AC1 970C 8H Q,970.0,C,8.0,H,Q
319,micrograph319.png,spheroidite,,1964X,10.0,um,103,37.0,AC1 970C 3H Q,970.0,C,3.0,H,Q
321,micrograph321.tif,spheroidite,SE,1964X,10.0,um,103,7.0,AC1 800C 3H WQ,800.0,C,3.0,H,WQ
322,micrograph322.tif,pearlite,SE,24551X,1.0,um,129,47.0,SIS_XL.TIF,,,,,
325,micrograph325.tif,pearlite,SE,34372X,500.0,nm,90,9.0,AC1 700C 5M WQ,700.0,C,5.0,M,WQ
326,micrograph326.tif,spheroidite,SE,3437X,5.0,um,90,28.0,AC1 970C 8H WQ,970.0,C,8.0,H,WQ
329,micrograph329.tif,pearlite,SE,982x,20.0,um,103,47.0,SIS_XL.TIF,,,,,
330,micrograph330.tif,spheroidite,SE,4910X,5.0,um,129,16.0,AC1 800C 8H Q,800.0,C,8.0,H,Q
333,micrograph333.tif,spheroidite+widmanstatten,SE,,10.0,um,129,40.0,AC1 970C 90M Q,970.0,C,90.0,M,Q
337,micrograph337.tif,spheroidite,,1473X,20.0,um,154,26.0,AC1 970C 3H WQ,970.0,C,3.0,H,WQ
342,micrograph342.tif,pearlite+spheroidite,SE,4910X,5.0,um,129,,,,,,,
343,micrograph343.png,network,SE,98X,200.0,um,103,40.0,AC1 970C 90M Q,970.0,C,90.0,M,Q
345,micrograph345.tif,martensite,BSE,1964X,10.0,um,103,41.0,AC1 IS1010H 35X etched,,,,,
346,micrograph346.tif,pearlite+widmanstatten,SE,1964X,10.0,um,103,,,,,,,
347,micrograph347.tif,network,SE,98x,200.0,um,103,42.0,ET Gyro,,,,,
349,micrograph349.tif,pearlite,SE,,2.0,um,103,47.0,SIS_XL.TIF,,,,,
351,micrograph351.tif,spheroidite,SE,982x,20.0,um,103,16.0,AC1 800C 8H Q,800.0,C,8.0,H,Q
352,micrograph352.tif,spheroidite,SE,4910X,5.0,um,129,32.0,AC1 970C 90M WC,970.0,C,90.0,M,WC
353,micrograph353.tif,pearlite,SE,,2.0,um,103,42.0,ET Gyro,,,,,
354,micrograph354.tif,spheroidite+widmanstatten,SE,491x,50.0,um,129,32.0,AC1 970C 90M WC,970.0,C,90.0,M,WC
357,micrograph357.tif,spheroidite,SE,491x,50.0,um,129,25.0,AC1 970C 24H WQ,970.0,C,24.0,H,WQ
359,micrograph359.tif,spheroidite+widmanstatten,SE,982x,20.0,um,103,34.0,AC1 970 5M FC,970.0,C,5.0,M,FC
360,micrograph360.tif,spheroidite,SE,1964X,10.0,um,103,14.0,AC1 800C 3H Q,800.0,C,3.0,H,Q
363,micrograph363.tif,spheroidite,SE,786x,20.0,um,83,24.0,AC1 970C 24H WQ,970.0,C,24.0,H,WQ
364,micrograph364.tif,spheroidite,SE,4910X,5.0,um,129,2.0,AC 800C 8H WQ,800.0,C,8.0,H,WQ
366,micrograph366.tif,martensite,SE,786x,20.0,um,83,47.0,SIS_XL.TIF,,,,,
367,micrograph367.tif,spheroidite,SE,1964X,10.0,um,103,18.0,AC1 800C 85H WQ,800.0,C,85.0,H,WQ
368,micrograph368.tif,network,SE,147x,200.0,um,154,37.0,AC1 970C 3H Q,970.0,C,3.0,H,Q
369,micrograph369.tif,spheroidite,SE,4910x,5.0,um,129,19.0,AC1 900C 90M WQ,900.0,C,90.0,M,WQ
371,micrograph371.tif,network,SE,98x,200.0,um,103,12.0,AC1 800C 90M WQ,800.0,C,90.0,M,WQ
373,micrograph373.tif,spheroidite,SE,4910x,5.0,um,129,12.0,AC1 800C 90M WQ,800.0,C,90.0,M,WQ
375,micrograph375.tif,spheroidite,SE,9820X,2.0,um,103,34.0,AC1 970 5M FC,970.0,C,5.0,M,FC
376,micrograph376.tif,spheroidite,SE,4910X,5.0,um,129,2.0,AC 800C 8H WQ,800.0,C,8.0,H,WQ
380,micrograph380.tif,pearlite+spheroidite,SE,1964X,10.0,um,103,35.0,AC1 970C 90M FC,970.0,C,90.0,M,FC
381,micrograph381.tif,martensite,BSE,491x,50.0,um,129,41.0,AC1 IS1010H 35X etched,,,,,
382,micrograph382.tif,spheroidite,SE,1964X,10.0,um,103,6.0,AC1 800C 24H WQ,800.0,C,24.0,H,WQ
383,micrograph383.tif,network,SE,98X,200.0,um,103,29.0,AC1 970C 90M AR,970.0,C,90.0,M,AR
384,micrograph384.tif,network,,49X,500.0,um,129,4.0,AC1 1000C 5M WQ,1000.0,C,5.0,M,WQ
386,micrograph386.tif,spheroidite,SE,3437X,5.0,um,90,28.0,AC1 970C 8H WQ,970.0,C,8.0,H,WQ
387,micrograph387.tif,pearlite,SE,4910X,5.0,um,129,47.0,SIS_XL.TIF,,,,,
388,micrograph388.png,spheroidite,SE,1964X,10.0,um,103,40.0,AC1 970C 90M Q,970.0,C,90.0,M,Q
391,micrograph391.tif,spheroidite,SE,1964X,10.0,um,103,7.0,AC1 800C 3H WQ,800.0,C,3.0,H,WQ
392,micrograph392.tif,pearlite,SE,7856X,2.0,um,83,,,,,,,
396,micrograph396.tif,network,SE,98X,200.0,um,103,25.0,AC1 970C 24H WQ,970.0,C,24.0,H,WQ
397,micrograph397.tif,pearlite,SE,,10.0,um,129,42.0,ET Gyro,,,,,
398,micrograph398.tif,spheroidite,SE,982x,20.0,um,103,36.0,AC1 970C 24H Q,970.0,C,24.0,H,Q
401,micrograph401.tif,pearlite,SE,14731x,2.0,um,154,44.0,IN1 Etched Sample,,,,,
402,micrograph402.tif,spheroidite,SE,1964X,10.0,um,103,36.0,AC1 970C 24H Q,970.0,C,24.0,H,Q
403,micrograph403.tif,network,SE,64x,200.0,um,67,9.0,AC1 700C 5M WQ,700.0,C,5.0,M,WQ
404,micrograph404.tif,pearlite+spheroidite,SE,638x,20.0,um,67,,,,,,,
406,micrograph406.tif,spheroidite,SE,3437X,5.0,um,90,40.0,AC1 970C 90M Q,970.0,C,90.0,M,Q
407,micrograph407.tif,spheroidite,SE,1964X,10.0,um,103,21.0,AC1 900C 3H Q,900.0,C,3.0,H,Q
408,micrograph408.tif,spheroidite,SE,1473X,20.0,um,154,24.0,AC1 970C 24H WQ,970.0,C,24.0,H,WQ
411,micrograph411.tif,spheroidite,SE,3437X,5.0,um,90,33.0,AC1 970C 90M WQ-2C,970.0,C,90.0,M,WQ-2C
418,micrograph418.tif,spheroidite,SE,1964X,10.0,um,103,36.0,AC1 970C 24H Q,970.0,C,24.0,H,Q
419,micrograph419.tif,spheroidite,SE,491x,50.0,um,129,11.0,AC1 800C 900C 970C 90M WQ,800.0,C,90.0,M,WQ
421,micrograph421.tif,network,SE,49X,500.0,um,129,47.0,SIS_XL.TIF,,,,,
422,micrograph422.tif,spheroidite,SE,4910x,5.0,um,129,11.0,AC1 800C 900C 970C 90M WQ,800.0,C,90.0,M,WQ
427,micrograph427.png,spheroidite,SE,1964X,10.0,um,103,36.0,AC1 970C 24H Q,970.0,C,24.0,H,Q
430,micrograph430.tif,spheroidite,SE,,2.0,um,103,18.0,AC1 800C 85H WQ,800.0,C,85.0,H,WQ
431,micrograph431.tif,pearlite+spheroidite,SE,1473X,20.0,um,154,,,,,,,
433,micrograph433.tif,spheroidite+widmanstatten,SE,491x,50.0,um,129,29.0,AC1 970C 90M AR,970.0,C,90.0,M,AR
435,micrograph435.png,spheroidite,,1964X,10.0,um,103,37.0,AC1 970C 3H Q,970.0,C,3.0,H,Q
436,micrograph436.png,spheroidite,,1964X,10.0,um,103,37.0,AC1 970C 3H Q,970.0,C,3.0,H,Q
437,micrograph437.tif,spheroidite,SE,1964X,10.0,um,103,2.0,AC 800C 8H WQ,800.0,C,8.0,H,WQ
440,micrograph440.png,spheroidite,,1964X,10.0,um,103,37.0,AC1 970C 3H Q,970.0,C,3.0,H,Q
441,micrograph441.tif,network,BSE,98X,200.0,um,103,47.0,SIS_XL.TIF,,,,,
442,micrograph442.tif,spheroidite,SE,,2.0,um,103,19.0,AC1 900C 90M WQ,900.0,C,90.0,M,WQ
443,micrograph443.tif,spheroidite,SE,1964X,10.0,um,103,32.0,AC1 970C 90M WC,970.0,C,90.0,M,WC
447,micrograph447.tif,network,SE,98x,200.0,um,103,35.0,AC1 970C 90M FC,970.0,C,90.0,M,FC
449,micrograph449.tif,spheroidite,BSE,4910X,5.0,um,129,33.0,AC1 970C 90M WQ-2C,970.0,C,90.0,M,WQ-2C
451,micrograph451.tif,spheroidite,BSE,786x,20.0,um,83,24.0,AC1 970C 24H WQ,970.0,C,24.0,H,WQ
452,micrograph452.tif,spheroidite,SE,,10.0,um,129,47.0,SIS_XL.TIF,,,,,
453,micrograph453.tif,pearlite+spheroidite,SE,,10.0,um,129,,,,,,,
454,micrograph454.tif,network,SE,98X,200.0,um,103,47.0,SIS_XL.TIF,,,,,
457,micrograph457.png,spheroidite,SE,1964X,10.0,um,103,36.0,AC1 970C 24H Q,970.0,C,24.0,H,Q
458,micrograph458.tif,spheroidite,SE,1473X,20.0,um,154,33.0,AC1 970C 90M WQ-2C,970.0,C,90.0,M,WQ-2C
459,micrograph459.tif,martensite,BSE,246x,100.0,um,129,41.0,AC1 IS1010H 35X etched,,,,,
463,micrograph463.tif,spheroidite,SE,,2.0,um,103,19.0,AC1 900C 90M WQ,900.0,C,90.0,M,WQ
464,micrograph464.tif,spheroidite,SE,4910x,5.0,um,129,19.0,AC1 900C 90M WQ,900.0,C,90.0,M,WQ
465,micrograph465.tif,spheroidite,SE,,2.0,um,103,18.0,AC1 800C 85H WQ,800.0,C,85.0,H,WQ
466,micrograph466.tif,pearlite+spheroidite,SE,4910x,5.0,um,129,42.0,ET Gyro,,,,,
468,micrograph468.png,spheroidite,,1964X,10.0,um,103,37.0,AC1 970C 3H Q,970.0,C,3.0,H,Q
470,micrograph470.tif,spheroidite,SE,1964X,10.0,um,103,19.0,AC1 900C 90M WQ,900.0,C,90.0,M,WQ
471,micrograph471.tif,spheroidite+widmanstatten,SE,1178X,20.0,um,124,32.0,AC1 970C 90M WC,970.0,C,90.0,M,WC
472,micrograph472.tif,spheroidite,SE,786x,20.0,um,83,24.0,AC1 970C 24H WQ,970.0,C,24.0,H,WQ
474,micrograph474.png,spheroidite,SE,1964X,10.0,um,103,39.0,AC1 970C 8H Q,970.0,C,8.0,H,Q
475,micrograph475.tif,spheroidite+widmanstatten,SE,982x,20.0,um,103,34.0,AC1 970 5M FC,970.0,C,5.0,M,FC
477,micrograph477.tif,spheroidite+widmanstatten,SE,786x,20.0,um,83,4.0,AC1 1000C 5M WQ,1000.0,C,5.0,M,WQ
479,micrograph479.tif,pearlite,SE,9820X,2.0,um,103,47.0,SIS_XL.TIF,,,,,
480,micrograph480.tif,network,SE,,500.0,um,129,47.0,SIS_XL.TIF,,,,,
481,micrograph481.tif,pearlite+spheroidite,SE,1964X,10.0,um,103,5.0,AC1 1100C 1H 650C 1H,1100.0,C,1.0,H,650-1H
483,micrograph483.tif,pearlite+spheroidite,SE,491x,50.0,um,129,5.0,AC1 1100C 1H 650C 1H,1100.0,C,1.0,H,650-1H
484,micrograph484.tif,network,SE,49X,500.0,um,129,47.0,SIS_XL.TIF,,,,,
486,micrograph486.tif,spheroidite,SE,4910x,5.0,um,129,12.0,AC1 800C 90M WQ,800.0,C,90.0,M,WQ
487,micrograph487.tif,pearlite,SE,4910x,5.0,um,129,44.0,IN1 Etched Sample,,,,,
488,micrograph488.tif,spheroidite+widmanstatten,SE,982x,20.0,um,103,17.0,AC1 800C 85H Q,800.0,C,85.0,H,Q
489,micrograph489.tif,spheroidite,SE,,10.0,um,129,33.0,AC1 970C 90M WQ-2C,970.0,C,90.0,M,WQ-2C
490,micrograph490.tif,pearlite+widmanstatten,SE,638x,20.0,um,67,3.0,AC1 + vickers mark,,,,,
492,micrograph492.tif,martensite,SE,246x,100.0,um,129,47.0,SIS_XL.TIF,,,,,
493,micrograph493.tif,spheroidite,SE,4910X,5.0,um,129,18.0,AC1 800C 85H WQ,800.0,C,85.0,H,WQ
495,micrograph495.tif,spheroidite,SE,982x,20.0,um,103,37.0,AC1 970C 3H Q,970.0,C,3.0,H,Q
496,micrograph496.tif,pearlite+widmanstatten,SE,3437X,5.0,um,90,,,,,,,
499,micrograph499.tif,pearlite+spheroidite,SE,982x,20.0,um,103,5.0,AC1 1100C 1H 650C 1H,1100.0,C,1.0,H,650-1H
500,micrograph500.tif,network,SE,49X,500.0,um,129,,,,,,,
501,micrograph501.tif,pearlite,SE,9820X,2.0,um,103,,,,,,,
502,micrograph502.tif,martensite,SE,1964X,10.0,um,103,47.0,SIS_XL.TIF,,,,,
507,micrograph507.tif,spheroidite+widmanstatten,BSE,491x,50.0,um,129,,,,,,,
512,micrograph512.tif,spheroidite,SE,3437X,5.0,um,90,29.0,AC1 970C 90M AR,970.0,C,90.0,M,AR
514,micrograph514.tif,network,SE,49X,500.0,um,129,3.0,AC1 + vickers mark,,,,,
515,micrograph515.tif,pearlite+spheroidite,SE,1964X,10.0,um,103,5.0,AC1 1100C 1H 650C 1H,1100.0,C,1.0,H,650-1H
517,micrograph517.tif,spheroidite,SE,1964X,10.0,um,103,33.0,AC1 970C 90M WQ-2C,970.0,C,90.0,M,WQ-2C
518,micrograph518.tif,network,SE,49X,500.0,um,129,37.0,AC1 970C 3H Q,970.0,C,3.0,H,Q
520,micrograph520.tif,network,SE,98X,200.0,um,103,29.0,AC1 970C 90M AR,970.0,C,90.0,M,AR
522,micrograph522.tif,pearlite+spheroidite,SE,1178X,20.0,um,124,5.0,AC1 1100C 1H 650C 1H,1100.0,C,1.0,H,650-1H
523,micrograph523.tif,pearlite+widmanstatten,SE,1178X,20.0,um,124,47.0,SIS_XL.TIF,,,,,
524,micrograph524.tif,spheroidite,SE,982x,20.0,um,103,19.0,AC1 900C 90M WQ,900.0,C,90.0,M,WQ
528,micrograph528.tif,network,SE,97x,200.0,um,102,47.0,SIS_XL.TIF,,,,,
530,micrograph530.tif,spheroidite,SE,982x,20.0,um,103,36.0,AC1 970C 24H Q,970.0,C,24.0,H,Q
532,micrograph532.tif,pearlite+spheroidite,SE,491x,50.0,um,129,44.0,IN1 Etched Sample,,,,,
534,micrograph534.tif,spheroidite,BSE,982x,20.0,um,103,24.0,AC1 970C 24H WQ,970.0,C,24.0,H,WQ
535,micrograph535.tif,pearlite,BSE,1964X,10.0,um,103,47.0,SIS_XL.TIF,,,,,
536,micrograph536.png,spheroidite,SE,1964X,10.0,um,103,40.0,AC1 970C 90M Q,970.0,C,90.0,M,Q
537,micrograph537.tif,network,BSE,98x,200.0,um,103,47.0,SIS_XL.TIF,,,,,
541,micrograph541.tif,pearlite+spheroidite,SE,4910x,5.0,um,129,,,,,,,
543,micrograph543.tif,spheroidite,SE,982x,20.0,um,103,21.0,AC1 900C 3H Q,900.0,C,3.0,H,Q
544,micrograph544.tif,pearlite+spheroidite,SE,982x,20.0,um,103,5.0,AC1 1100C 1H 650C 1H,1100.0,C,1.0,H,650-1H
545,micrograph545.tif,network,SE,118x,200.0,um,124,19.0,AC1 900C 90M WQ,900.0,C,90.0,M,WQ
546,micrograph546.tif,network,SE,49X,500.0,um,129,,,,,,,
548,micrograph548.tif,spheroidite,SE,3437X,5.0,um,90,33.0,AC1 970C 90M WQ-2C,970.0,C,90.0,M,WQ-2C
551,micrograph551.tif,spheroidite+widmanstatten,SE,982x,20.0,um,103,13.0,AC1 800C 24H Q,800.0,C,24.0,H,Q
553,micrograph553.tif,pearlite+widmanstatten,SE,982x,20.0,um,103,22.0,AC1 900C 5M Q,900.0,C,5.0,M,Q
554,micrograph554.tif,pearlite,,,2.0,um,103,47.0,SIS_XL.TIF,,,,,
555,micrograph555.tif,spheroidite,SE,982x,20.0,um,103,36.0,AC1 970C 24H Q,970.0,C,24.0,H,Q
558,micrograph558.tif,spheroidite,SE,,2.0,um,103,18.0,AC1 800C 85H WQ,800.0,C,85.0,H,WQ
561,micrograph561.tif,spheroidite,SE,1964X,10.0,um,103,37.0,AC1 970C 3H Q,970.0,C,3.0,H,Q
565,micrograph565.tif,spheroidite,SE,4910X,5.0,um,129,7.0,AC1 800C 3H WQ,800.0,C,3.0,H,WQ
566,micrograph566.png,spheroidite,,1964X,10.0,um,103,37.0,AC1 970C 3H Q,970.0,C,3.0,H,Q
567,micrograph567.tif,pearlite+spheroidite,SE,4910X,5.0,um,129,,,,,,,
568,micrograph568.tif,spheroidite,SE,4910X,5.0,um,129,18.0,AC1 800C 85H WQ,800.0,C,85.0,H,WQ
569,micrograph569.tif,spheroidite,SE,1964X,10.0,um,103,16.0,AC1 800C 8H Q,800.0,C,8.0,H,Q
572,micrograph572.tif,pearlite+spheroidite,SE,1178X,20.0,um,124,,,,,,,
573,micrograph573.tif,spheroidite,SE,4910X,5.0,um,129,6.0,AC1 800C 24H WQ,800.0,C,24.0,H,WQ
576,micrograph576.tif,pearlite+spheroidite,SE,1964X,10.0,um,103,31.0,AC1 970C 90M 65C 4H FC,970.0,C,90.0,M,FC
579,micrograph579.tif,spheroidite+widmanstatten,SE,982x,20.0,um,103,37.0,AC1 970C 3H Q,970.0,C,3.0,H,Q
584,micrograph584.tif,network,SE,118x,200.0,um,124,12.0,AC1 800C 90M WQ,800.0,C,90.0,M,WQ
586,micrograph586.tif,spheroidite+widmanstatten,SE,7856X,2.0,um,83,34.0,AC1 970 5M FC,970.0,C,5.0,M,FC
589,micrograph589.tif,spheroidite,SE,1964X,10.0,um,103,16.0,AC1 800C 8H Q,800.0,C,8.0,H,Q
592,micrograph592.tif,network,SE,98x,200.0,um,103,34.0,AC1 970 5M FC,970.0,C,5.0,M,FC
594,micrograph594.tif,spheroidite,SE,,2.0,um,103,18.0,AC1 800C 85H WQ,800.0,C,85.0,H,WQ
596,micrograph596.tif,spheroidite,SE,4910X,5.0,um,129,38.0,AC1 970C 5M Q,970.0,C,5.0,M,Q
597,micrograph597.tif,network,SE,98x,200.0,um,103,26.0,AC1 970C 3H WQ,970.0,C,3.0,H,WQ
598,micrograph598.tif,spheroidite,SE,982x,20.0,um,103,23.0,AC1 900C 90M Q,900.0,C,90.0,M,Q
599,micrograph599.tif,spheroidite+widmanstatten,SE,982x,20.0,um,103,40.0,AC1 970C 90M Q,970.0,C,90.0,M,Q
601,micrograph601.tif,spheroidite,SE,1964X,10.0,um,103,13.0,AC1 800C 24H Q,800.0,C,24.0,H,Q
602,micrograph602.tif,pearlite+spheroidite,BSE,982x,20.0,um,103,,,,,,,
604,micrograph604.tif,pearlite,SE,14731x,2.0,um,154,44.0,IN1 Etched Sample,,,,,
607,micrograph607.tif,spheroidite,SE,1178X,20.0,um,124,34.0,AC1 970 5M FC,970.0,C,5.0,M,FC
608,micrograph608.tif,network,BSE,246x,100.0,um,129,24.0,AC1 970C 24H WQ,970.0,C,24.0,H,WQ
609,micrograph609.tif,pearlite+spheroidite,SE,982x,20.0,um,103,31.0,AC1 970C 90M 65C 4H FC,970.0,C,90.0,M,FC
610,micrograph610.tif,network,SE,48X,500.0,um,125,44.0,IN1 Etched Sample,,,,,
611,micrograph611.tif,spheroidite,SE,1964X,10.0,um,103,27.0,AC1 970C 48H WQ,970.0,C,48.0,H,WQ
615,micrograph615.tif,network,SE,,500.0,um,129,29.0,AC1 970C 90M AR,970.0,C,90.0,M,AR
616,micrograph616.tif,spheroidite,BSE,786x,20.0,um,83,24.0,AC1 970C 24H WQ,970.0,C,24.0,H,WQ
625,micrograph625.tif,network,SE,49X,500.0,um,129,29.0,AC1 970C 90M AR,970.0,C,90.0,M,AR
626,micrograph626.tif,network,SE,98X,200.0,um,103,31.0,AC1 970C 90M 65C 4H FC,970.0,C,90.0,M,FC
628,micrograph628.tif,spheroidite+widmanstatten,SE,982x,20.0,um,103,40.0,AC1 970C 90M Q,970.0,C,90.0,M,Q
632,micrograph632.tif,spheroidite,SE,4910X,5.0,um,129,23.0,AC1 900C 90M Q,900.0,C,90.0,M,Q
633,micrograph633.tif,spheroidite,SE,1964X,10.0,um,103,7.0,AC1 800C 3H WQ,800.0,C,3.0,H,WQ
637,micrograph637.tif,pearlite+spheroidite,SE,4910x,5.0,um,129,,,,,,,
639,micrograph639.tif,spheroidite,SE,3437x,5.0,um,90,19.0,AC1 900C 90M WQ,900.0,C,90.0,M,WQ
640,micrograph640.tif,spheroidite+widmanstatten,SE,1473X,20.0,um,154,28.0,AC1 970C 8H WQ,970.0,C,8.0,H,WQ
641,micrograph641.tif,spheroidite,SE,1964X,10.0,um,103,2.0,AC 800C 8H WQ,800.0,C,8.0,H,WQ
642,micrograph642.tif,network,SE,98x,200.0,um,103,31.0,AC1 970C 90M 65C 4H FC,970.0,C,90.0,M,FC
643,micrograph643.tif,spheroidite+widmanstatten,SE,1964X,10.0,um,103,16.0,AC1 800C 8H Q,800.0,C,8.0,H,Q
644,micrograph644.tif,pearlite+spheroidite,SE,4910x,5.0,um,129,,,,,,,
646,micrograph646.tif,network,SE,98X,200.0,um,103,37.0,AC1 970C 3H Q,970.0,C,3.0,H,Q
648,micrograph648.tif,pearlite+spheroidite,SE,,10.0,um,129,,,,,,,
649,micrograph649.tif,network,SE,98x,200.0,um,103,31.0,AC1 970C 90M 65C 4H FC,970.0,C,90.0,M,FC
650,micrograph650.tif,spheroidite+widmanstatten,SE,786x,20.0,um,83,25.0,AC1 970C 24H WQ,970.0,C,24.0,H,WQ
652,micrograph652.tif,pearlite,BSE,,10.0,um,129,,,,,,,
655,micrograph655.tif,spheroidite,BSE,1473X,20.0,um,154,24.0,AC1 970C 24H WQ,970.0,C,24.0,H,WQ
656,micrograph656.tif,pearlite+spheroidite,SE,,10.0,um,129,,,,,,,
659,micrograph659.tif,network,SE,98x,200.0,um,103,8.0,AC1 800C 5M WQ,800.0,C,5.0,M,WQ
660,micrograph660.tif,pearlite+spheroidite,SE,982x,20.0,um,103,5.0,AC1 1100C 1H 650C 1H,1100.0,C,1.0,H,650-1H
664,micrograph664.tif,spheroidite,,4910X,5.0,um,129,26.0,AC1 970C 3H WQ,970.0,C,3.0,H,WQ
670,micrograph670.tif,spheroidite,SE,1964X,10.0,um,103,2.0,AC 800C 8H WQ,800.0,C,8.0,H,WQ
671,micrograph671.tif,spheroidite,SE,1964X,10.0,um,103,13.0,AC1 800C 24H Q,800.0,C,24.0,H,Q
672,micrograph672.tif,pearlite+spheroidite,BSE,1178X,20.0,um,124,,,,,,,
676,micrograph676.tif,pearlite+spheroidite,SE,4910x,5.0,um,129,,,,,,,
677,micrograph677.tif,pearlite+spheroidite,SE,,2.0,um,103,5.0,AC1 1100C 1H 650C 1H,1100.0,C,1.0,H,650-1H
678,micrograph678.tif,spheroidite,SE,1964X,10.0,um,103,18.0,AC1 800C 85H WQ,800.0,C,85.0,H,WQ
679,micrograph679.tif,spheroidite,SE,4910X,5.0,um,129,23.0,AC1 900C 90M Q,900.0,C,90.0,M,Q
681,micrograph681.png,spheroidite,SE,1964X,10.0,um,103,39.0,AC1 970C 8H Q,970.0,C,8.0,H,Q
682,micrograph682.tif,network,SE,46X,500.0,um,122,47.0,SIS_XL.TIF,,,,,
683,micrograph683.tif,spheroidite,SE,4910X,5.0,um,129,18.0,AC1 800C 85H WQ,800.0,C,85.0,H,WQ
684,micrograph684.tif,spheroidite,SE,1473X,20.0,um,154,24.0,AC1 970C 24H WQ,970.0,C,24.0,H,WQ
685,micrograph685.tif,spheroidite,BSE,1473X,20.0,um,154,24.0,AC1 970C 24H WQ,970.0,C,24.0,H,WQ
687,micrograph687.tif,network,SE,98X,200.0,um,103,25.0,AC1 970C 24H WQ,970.0,C,24.0,H,WQ
689,micrograph689.png,spheroidite,SE,1964X,10.0,um,103,39.0,AC1 970C 8H Q,970.0,C,8.0,H,Q
690,micrograph690.tif,network,SE,49X,500.0,um,129,,,,,,,
691,micrograph691.tif,pearlite,SE,4910X,5.0,um,129,47.0,SIS_XL.TIF,,,,,
694,micrograph694.tif,spheroidite,SE,982x,20.0,um,103,25.0,AC1 970C 24H WQ,970.0,C,24.0,H,WQ
699,micrograph699.tif,spheroidite,SE,1964X,10.0,um,103,2.0,AC 800C 8H WQ,800.0,C,8.0,H,WQ
702,micrograph702.tif,network,SE,98x,200.0,um,103,42.0,ET Gyro,,,,,
704,micrograph704.tif,pearlite+spheroidite,SE,3437X,5.0,um,90,35.0,AC1 970C 90M FC,970.0,C,90.0,M,FC
705,micrograph705.tif,spheroidite,SE,982x,20.0,um,103,17.0,AC1 800C 85H Q,800.0,C,85.0,H,Q
706,micrograph706.tif,pearlite,SE,19641x,1.0,um,103,,,,,,,
707,micrograph707.tif,spheroidite+widmanstatten,SE,638x,20.0,um,67,32.0,AC1 970C 90M WC,970.0,C,90.0,M,WC
708,micrograph708.tif,spheroidite,SE,982x,20.0,um,103,33.0,AC1 970C 90M WQ-2C,970.0,C,90.0,M,WQ-2C
710,micrograph710.tif,spheroidite+widmanstatten,SE,982x,20.0,um,103,16.0,AC1 800C 8H Q,800.0,C,8.0,H,Q
714,micrograph714.tif,spheroidite,SE,1964X,10.0,um,103,33.0,AC1 970C 90M WQ-2C,970.0,C,90.0,M,WQ-2C
716,micrograph716.tif,pearlite+spheroidite,SE,1473X,20.0,um,154,,,,,,,
717,micrograph717.tif,spheroidite+widmanstatten,SE,491x,50.0,um,129,32.0,AC1 970C 90M WC,970.0,C,90.0,M,WC
718,micrograph718.tif,spheroidite,SE,,10.0,um,129,24.0,AC1 970C 24H WQ,970.0,C,24.0,H,WQ
721,micrograph721.tif,network,SE,98X,200.0,um,103,5.0,AC1 1100C 1H 650C 1H,1100.0,C,1.0,H,650-1H
725,micrograph725.tif,pearlite,SE,,2.0,um,103,42.0,ET Gyro,,,,,
727,micrograph727.tif,pearlite+spheroidite,SE,,5.0,um,90,44.0,IN1 Etched Sample,,,,,
728,micrograph728.tif,network,SE,49X,500.0,um,129,9.0,AC1 700C 5M WQ,700.0,C,5.0,M,WQ
732,micrograph732.tif,network,SE,,500.0,um,129,44.0,IN1 Etched Sample,,,,,
734,micrograph734.tif,spheroidite,SE,982x,20.0,um,103,20.0,AC1 900C 24H Q,900.0,C,24.0,H,Q
736,micrograph736.tif,spheroidite,SE,1964X,10.0,um,103,36.0,AC1 970C 24H Q,970.0,C,24.0,H,Q
737,micrograph737.tif,network,SE,49X,500.0,um,129,,,,,,,
738,micrograph738.tif,network,SE,98X,200.0,um,103,33.0,AC1 970C 90M WQ-2C,970.0,C,90.0,M,WQ-2C
741,micrograph741.tif,network,SE,98X,200.0,um,103,31.0,AC1 970C 90M 65C 4H FC,970.0,C,90.0,M,FC
742,micrograph742.tif,pearlite+spheroidite,SE,982x,20.0,um,103,44.0,IN1 Etched Sample,,,,,
744,micrograph744.tif,pearlite,SE,,2.0,um,103,47.0,SIS_XL.TIF,,,,,
745,micrograph745.tif,spheroidite,SE,1473X,20.0,um,154,29.0,AC1 970C 90M AR,970.0,C,90.0,M,AR
746,micrograph746.tif,spheroidite,SE,1473X,20.0,um,154,39.0,AC1 970C 8H Q,970.0,C,8.0,H,Q
747,micrograph747.tif,spheroidite,SE,,2.0,um,103,18.0,AC1 800C 85H WQ,800.0,C,85.0,H,WQ
749,micrograph749.tif,pearlite+spheroidite,SE,982x,20.0,um,103,31.0,AC1 970C 90M 65C 4H FC,970.0,C,90.0,M,FC
753,micrograph753.tif,pearlite+widmanstatten,SE,6383X,2.0,um,67,,,,,,,
755,micrograph755.tif,network,BSE,98X,200.0,um,103,47.0,SIS_XL.TIF,,,,,
756,micrograph756.tif,spheroidite,BSE,,2.0,um,83,33.0,AC1 970C 90M WQ-2C,970.0,C,90.0,M,WQ-2C
757,micrograph757.tif,pearlite,SE,9820X,2.0,um,103,,,,,,,
758,micrograph758.tif,pearlite+spheroidite,SE,4910x,5.0,um,129,,,,,,,
762,micrograph762.tif,spheroidite,SE,,2.0,um,103,6.0,AC1 800C 24H WQ,800.0,C,24.0,H,WQ
764,micrograph764.tif,spheroidite,SE,982x,20.0,um,103,39.0,AC1 970C 8H Q,970.0,C,8.0,H,Q
765,micrograph765.tif,pearlite+spheroidite,SE,,2.0,um,103,,,,,,,
768,micrograph768.tif,pearlite,SE,3437x,5.0,um,90,,,,,,,
771,micrograph771.tif,pearlite+spheroidite,SE,,10.0,um,129,,,,,,,
772,micrograph772.tif,spheroidite,SE,1964X,10.0,um,103,18.0,AC1 800C 85H WQ,800.0,C,85.0,H,WQ
773,micrograph773.tif,pearlite,SE,,10.0,um,129,,,,,,,
775,micrograph775.tif,pearlite,SE,3437x,5.0,um,90,47.0,SIS_XL.TIF,,,,,
776,micrograph776.tif,spheroidite,SE,4910X,5.0,um,129,33.0,AC1 970C 90M WQ-2C,970.0,C,90.0,M,WQ-2C
779,micrograph779.tif,pearlite+spheroidite,SE,491x,50.0,um,129,5.0,AC1 1100C 1H 650C 1H,1100.0,C,1.0,H,650-1H
784,micrograph784.tif,pearlite,SE,6383X,2.0,um,67,,,,,,,
785,micrograph785.tif,martensite,BSE,786x,20.0,um,83,41.0,AC1 IS1010H 35X etched,,,,,
791,micrograph791.tif,network,BSE,98x,200.0,um,103,40.0,AC1 970C 90M Q,970.0,C,90.0,M,Q
795,micrograph795.tif,network,SE,,500.0,um,129,44.0,IN1 Etched Sample,,,,,
796,micrograph796.tif,pearlite,SE,19641x,1.0,um,103,47.0,SIS_XL.TIF,,,,,
798,micrograph798.tif,pearlite,SE,9820X,2.0,um,103,47.0,SIS_XL.TIF,,,,,
799,micrograph799.tif,network,SE,49X,500.0,um,129,47.0,SIS_XL.TIF,,,,,
803,micrograph803.tif,pearlite,SE,7856X,2.0,um,83,,,,,,,
805,micrograph805.tif,network,SE,,500.0,um,129,42.0,ET Gyro,,,,,
806,micrograph806.tif,network,SE,102x,200.0,um,107,44.0,IN1 Etched Sample,,,,,
807,micrograph807.tif,network,SE,35x,500.0,um,92,,,,,,,
808,micrograph808.tif,pearlite+spheroidite,SE,1178X,20.0,um,124,,,,,,,
811,micrograph811.tif,spheroidite+widmanstatten,SE,491x,50.0,um,129,19.0,AC1 900C 90M WQ,900.0,C,90.0,M,WQ
813,micrograph813.tif,network,SE,,500.0,um,129,44.0,IN1 Etched Sample,,,,,
814,micrograph814.tif,pearlite,SE,4910X,5.0,um,129,15.0,AC1 800C 5M Q,800.0,C,5.0,M,Q
815,micrograph815.tif,network,SE,98x,200.0,um,103,,,,,,,
816,micrograph816.tif,spheroidite+widmanstatten,SE,344x,50.0,um,90,4.0,AC1 1000C 5M WQ,1000.0,C,5.0,M,WQ
820,micrograph820.tif,network,SE,98x,200.0,um,103,12.0,AC1 800C 90M WQ,800.0,C,90.0,M,WQ
821,micrograph821.tif,spheroidite+widmanstatten,SE,,2.0,um,67,32.0,AC1 970C 90M WC,970.0,C,90.0,M,WC
825,micrograph825.tif,pearlite+spheroidite,SE,1964X,10.0,um,103,,,,,,,
828,micrograph828.tif,pearlite,,,2.0,um,103,47.0,SIS_XL.TIF,,,,,
831,micrograph831.tif,spheroidite,SE,,2.0,um,103,18.0,AC1 800C 85H WQ,800.0,C,85.0,H,WQ
832,micrograph832.tif,spheroidite+widmanstatten,SE,982x,20.0,um,103,40.0,AC1 970C 90M Q,970.0,C,90.0,M,Q
833,micrograph833.tif,pearlite,SE,7856X,2.0,um,83,8.0,AC1 800C 5M WQ,800.0,C,5.0,M,WQ
835,micrograph835.tif,network,SE,49X,500.0,um,129,,,,,,,
836,micrograph836.tif,pearlite+widmanstatten,SE,1964X,10.0,um,103,,,,,,,
841,micrograph841.tif,network,SE,98X,200.0,um,103,29.0,AC1 970C 90M AR,970.0,C,90.0,M,AR
843,micrograph843.tif,network,SE,98X,200.0,um,103,,,,,,,
844,micrograph844.tif,network,SE,49X,500.0,um,129,47.0,SIS_XL.TIF,,,,,
845,micrograph845.tif,network,SE,98X,200.0,um,103,,,,,,,
847,micrograph847.tif,network,SE,98x,200.0,um,103,3.0,AC1 + vickers mark,,,,,
850,micrograph850.tif,pearlite,SE,,2.0,um,83,9.0,AC1 700C 5M WQ,700.0,C,5.0,M,WQ
852,micrograph852.tif,pearlite,SE,,2.0,um,103,47.0,SIS_XL.TIF,,,,,
854,micrograph854.tif,spheroidite,SE,3437x,5.0,um,90,24.0,AC1 970C 24H WQ,970.0,C,24.0,H,WQ
855,micrograph855.tif,network,BSE,98X,200.0,um,103,47.0,SIS_XL.TIF,,,,,
857,micrograph857.tif,pearlite+widmanstatten,SE,982x,20.0,um,103,,,,,,,
858,micrograph858.tif,spheroidite,SE,4910X,5.0,um,129,16.0,AC1 800C 8H Q,800.0,C,8.0,H,Q
859,micrograph859.tif,spheroidite,SE,,2.0,um,103,6.0,AC1 800C 24H WQ,800.0,C,24.0,H,WQ
861,micrograph861.tif,network,BSE,98X,200.0,um,103,47.0,SIS_XL.TIF,,,,,
862,micrograph862.tif,spheroidite+widmanstatten,SE,1964X,10.0,um,103,34.0,AC1 970 5M FC,970.0,C,5.0,M,FC
864,micrograph864.tif,spheroidite,SE,1964X,10.0,um,103,40.0,AC1 970C 90M Q,970.0,C,90.0,M,Q
865,micrograph865.tif,network,SE,246x,100.0,um,129,35.0,AC1 970C 90M FC,970.0,C,90.0,M,FC
866,micrograph866.tif,pearlite+spheroidite,SE,9820X,2.0,um,103,47.0,SIS_XL.TIF,,,,,
867,micrograph867.tif,spheroidite,SE,982x,20.0,um,103,21.0,AC1 900C 3H Q,900.0,C,3.0,H,Q
871,micrograph871.tif,pearlite+spheroidite,SE,982x,20.0,um,103,5.0,AC1 1100C 1H 650C 1H,1100.0,C,1.0,H,650-1H
873,micrograph873.tif,spheroidite+widmanstatten,SE,982x,20.0,um,103,23.0,AC1 900C 90M Q,900.0,C,90.0,M,Q
875,micrograph875.tif,pearlite+widmanstatten,SE,1473X,20.0,um,154,,,,,,,
877,micrograph877.tif,network,SE,49X,500.0,um,129,47.0,SIS_XL.TIF,,,,,
880,micrograph880.tif,pearlite,,,2.0,um,103,47.0,SIS_XL.TIF,,,,,
881,micrograph881.tif,spheroidite+widmanstatten,SE,1473X,20.0,um,154,32.0,AC1 970C 90M WC,970.0,C,90.0,M,WC
882,micrograph882.tif,pearlite+widmanstatten,SE,491x,50.0,um,129,,,,,,,
883,micrograph883.tif,spheroidite,SE,1964X,10.0,um,103,21.0,AC1 900C 3H Q,900.0,C,3.0,H,Q
884,micrograph884.tif,spheroidite+widmanstatten,SE,491x,50.0,um,129,4.0,AC1 1000C 5M WQ,1000.0,C,5.0,M,WQ
885,micrograph885.tif,spheroidite,SE,,2.0,um,103,2.0,AC 800C 8H WQ,800.0,C,8.0,H,WQ
887,micrograph887.tif,spheroidite,SE,1178X,20.0,um,124,16.0,AC1 800C 8H Q,800.0,C,8.0,H,Q
888,micrograph888.tif,spheroidite,SE,4910X,5.0,um,129,40.0,AC1 970C 90M Q,970.0,C,90.0,M,Q
889,micrograph889.tif,spheroidite,SE,786x,20.0,um,83,24.0,AC1 970C 24H WQ,970.0,C,24.0,H,WQ
890,micrograph890.tif,spheroidite+widmanstatten,SE,2455X,10.0,um,129,34.0,AC1 970 5M FC,970.0,C,5.0,M,FC
891,micrograph891.tif,pearlite,SE,9820X,2.0,um,103,,,,,,,
893,micrograph893.tif,spheroidite+widmanstatten,SE,1964X,10.0,um,103,4.0,AC1 1000C 5M WQ,1000.0,C,5.0,M,WQ
894,micrograph894.tif,spheroidite,SE,1964X,10.0,um,103,23.0,AC1 900C 90M Q,900.0,C,90.0,M,Q
896,micrograph896.tif,pearlite,SE,,2.0,um,103,42.0,ET Gyro,,,,,
897,micrograph897.tif,network,SE,147x,200.0,um,154,3.0,AC1 + vickers mark,,,,,
905,micrograph905.tif,spheroidite+widmanstatten,SE,491x,50.0,um,129,25.0,AC1 970C 24H WQ,970.0,C,24.0,H,WQ
906,micrograph906.tif,spheroidite,SE,982x,20.0,um,103,20.0,AC1 900C 24H Q,900.0,C,24.0,H,Q
907,micrograph907.tif,spheroidite,SE,982x,20.0,um,103,28.0,AC1 970C 8H WQ,970.0,C,8.0,H,WQ
908,micrograph908.tif,pearlite+spheroidite,SE,1473X,20.0,um,154,,,,,,,
909,micrograph909.tif,network,SE,98X,200.0,um,103,41.0,AC1 IS1010H 35X etched,,,,,
910,micrograph910.tif,pearlite+spheroidite,SE,1964X,10.0,um,103,,,,,,,
911,micrograph911.tif,pearlite+widmanstatten,SE,,10.0,um,129,,,,,,,
912,micrograph912.tif,spheroidite,SE,982x,20.0,um,103,23.0,AC1 900C 90M Q,900.0,C,90.0,M,Q
914,micrograph914.tif,spheroidite,SE,982x,20.0,um,103,39.0,AC1 970C 8H Q,970.0,C,8.0,H,Q
915,micrograph915.tif,spheroidite+widmanstatten,SE,1473X,20.0,um,154,28.0,AC1 970C 8H WQ,970.0,C,8.0,H,WQ
916,micrograph916.tif,pearlite+spheroidite,SE,4910X,5.0,um,129,,,,,,,
917,micrograph917.tif,spheroidite,SE,982x,20.0,um,103,37.0,AC1 970C 3H Q,970.0,C,3.0,H,Q
918,micrograph918.tif,spheroidite+widmanstatten,SE,1964X,10.0,um,103,47.0,SIS_XL.TIF,,,,,
920,micrograph920.tif,pearlite,SE,1964X,10.0,um,103,15.0,AC1 800C 5M Q,800.0,C,5.0,M,Q
921,micrograph921.tif,network,SE,98x,200.0,um,103,29.0,AC1 970C 90M AR,970.0,C,90.0,M,AR
922,micrograph922.tif,pearlite,SE,24551X,1.0,um,129,,,,,,,
925,micrograph925.tif,network,SE,98X,200.0,um,103,47.0,SIS_XL.TIF,,,,,
926,micrograph926.tif,pearlite+spheroidite,BSE,982x,20.0,um,103,,,,,,,
927,micrograph927.tif,network,SE,49X,500.0,um,129,,,,,,,
928,micrograph928.tif,pearlite,SE,4910X,5.0,um,129,40.0,AC1 970C 90M Q,970.0,C,90.0,M,Q
931,micrograph931.tif,spheroidite,SE,982x,20.0,um,103,36.0,AC1 970C 24H Q,970.0,C,24.0,H,Q
932,micrograph932.tif,pearlite+widmanstatten,SE,982x,20.0,um,103,,,,,,,
933,micrograph933.tif,spheroidite,SE,1964X,10.0,um,103,7.0,AC1 800C 3H WQ,800.0,C,3.0,H,WQ
934,micrograph934.tif,network,SE,98X,200.0,um,103,41.0,AC1 IS1010H 35X etched,,,,,
935,micrograph935.tif,spheroidite+widmanstatten,SE,982x,20.0,um,103,23.0,AC1 900C 90M Q,900.0,C,90.0,M,Q
936,micrograph936.tif,spheroidite,SE,4910X,5.0,um,129,14.0,AC1 800C 3H Q,800.0,C,3.0,H,Q
939,micrograph939.tif,spheroidite,SE,1964X,10.0,um,103,2.0,AC 800C 8H WQ,800.0,C,8.0,H,WQ
941,micrograph941.tif,network,BSE,98X,200.0,um,103,47.0,SIS_XL.TIF,,,,,
947,micrograph947.tif,spheroidite,SE,982x,20.0,um,103,39.0,AC1 970C 8H Q,970.0,C,8.0,H,Q
949,micrograph949.tif,network,SE,49X,500.0,um,129,,,,,,,
951,micrograph951.tif,martensite,BSE,1178X,20.0,um,124,47.0,SIS_XL.TIF,,,,,
952,micrograph952.tif,spheroidite,SE,1964X,10.0,um,103,21.0,AC1 900C 3H Q,900.0,C,3.0,H,Q
953,micrograph953.tif,pearlite,SE,11785x,2.0,um,124,,,,,,,
954,micrograph954.tif,martensite,SE,786x,20.0,um,83,41.0,AC1 IS1010H 35X etched,,,,,
955,micrograph955.tif,spheroidite+widmanstatten,SE,3437X,5.0,um,90,34.0,AC1 970 5M FC,970.0,C,5.0,M,FC
956,micrograph956.png,spheroidite,SE,1964X,10.0,um,103,36.0,AC1 970C 24H Q,970.0,C,24.0,H,Q
959,micrograph959.tif,network,SE,98x,200.0,um,103,34.0,AC1 970 5M FC,970.0,C,5.0,M,FC
961,micrograph961.tif,network,SE,49X,500.0,um,129,,,,,,,
963,micrograph963.tif,martensite,SE,1178X,20.0,um,124,47.0,SIS_XL.TIF,,,,,
965,micrograph965.tif,network,SE,246x,100.0,um,129,34.0,AC1 970 5M FC,970.0,C,5.0,M,FC
967,micrograph967.tif,spheroidite+widmanstatten,SE,11785x,2.0,um,124,4.0,AC1 1000C 5M WQ,1000.0,C,5.0,M,WQ
968,micrograph968.tif,network,BSE,98X,200.0,um,103,47.0,SIS_XL.TIF,,,,,
970,micrograph970.tif,spheroidite,SE,982x,20.0,um,103,20.0,AC1 900C 24H Q,900.0,C,24.0,H,Q
971,micrograph971.tif,network,SE,98X,200.0,um,103,47.0,SIS_XL.TIF,,,,,
973,micrograph973.tif,network,SE,98x,200.0,um,103,3.0,AC1 + vickers mark,,,,,
974,micrograph974.tif,spheroidite+widmanstatten,SE,1473X,20.0,um,154,25.0,AC1 970C 24H WQ,970.0,C,24.0,H,WQ
984,micrograph984.tif,martensite,SE,1178X,20.0,um,124,41.0,AC1 IS1010H 35X etched,,,,,
985,micrograph985.tif,pearlite,SE,,10.0,um,129,47.0,SIS_XL.TIF,,,,,
986,micrograph986.tif,spheroidite,SE,1473X,20.0,um,154,28.0,AC1 970C 8H WQ,970.0,C,8.0,H,WQ
989,micrograph989.tif,spheroidite+widmanstatten,SE,491x,50.0,um,129,28.0,AC1 970C 8H WQ,970.0,C,8.0,H,WQ
990,micrograph990.tif,spheroidite,SE,4910X,5.0,um,129,23.0,AC1 900C 90M Q,900.0,C,90.0,M,Q
991,micrograph991.tif,spheroidite,SE,1964X,10.0,um,103,14.0,AC1 800C 3H Q,800.0,C,3.0,H,Q
994,micrograph994.tif,pearlite+spheroidite,SE,,2.0,um,83,,,,,,,
995,micrograph995.tif,spheroidite,SE,3437X,5.0,um,90,34.0,AC1 970 5M FC,970.0,C,5.0,M,FC
997,micrograph997.tif,pearlite+spheroidite,SE,1964X,10.0,um,103,5.0,AC1 1100C 1H 650C 1H,1100.0,C,1.0,H,650-1H
998,micrograph998.tif,spheroidite,SE,,2.0,um,103,2.0,AC 800C 8H WQ,800.0,C,8.0,H,WQ
999,micrograph999.tif,network,SE,98x,200.0,um,103,27.0,AC1 970C 48H WQ,970.0,C,48.0,H,WQ
1001,micrograph1001.tif,network,SE,98x,200.0,um,103,42.0,ET Gyro,,,,,
1003,micrograph1003.tif,spheroidite+widmanstatten,SE,1964X,10.0,um,103,38.0,AC1 970C 5M Q,970.0,C,5.0,M,Q
1005,micrograph1005.tif,spheroidite+widmanstatten,SE,982x,20.0,um,103,34.0,AC1 970 5M FC,970.0,C,5.0,M,FC
1006,micrograph1006.tif,spheroidite,SE,4910X,5.0,um,129,23.0,AC1 900C 90M Q,900.0,C,90.0,M,Q
1008,micrograph1008.tif,spheroidite,BSE,982x,20.0,um,103,33.0,AC1 970C 90M WQ-2C,970.0,C,90.0,M,WQ-2C
1009,micrograph1009.tif,martensite,SE,982x,20.0,um,103,47.0,SIS_XL.TIF,,,,,
1010,micrograph1010.tif,network,SE,49X,500.0,um,129,,,,,,,
1011,micrograph1011.tif,pearlite,SE,,2.0,um,103,42.0,ET Gyro,,,,,
1012,micrograph1012.tif,martensite,SE,1964X,10.0,um,103,41.0,AC1 IS1010H 35X etched,,,,,
1013,micrograph1013.tif,spheroidite,SE,4910X,5.0,um,129,38.0,AC1 970C 5M Q,970.0,C,5.0,M,Q
1015,micrograph1015.tif,spheroidite,SE,4910X,5.0,um,129,2.0,AC 800C 8H WQ,800.0,C,8.0,H,WQ
1017,micrograph1017.tif,spheroidite,SE,982x,20.0,um,103,21.0,AC1 900C 3H Q,900.0,C,3.0,H,Q
1018,micrograph1018.tif,spheroidite,SE,1964X,10.0,um,103,33.0,AC1 970C 90M WQ-2C,970.0,C,90.0,M,WQ-2C
1019,micrograph1019.tif,network,SE,98x,200.0,um,103,34.0,AC1 970 5M FC,970.0,C,5.0,M,FC
1020,micrograph1020.tif,spheroidite,SE,1964X,10.0,um,103,12.0,AC1 800C 90M WQ,800.0,C,90.0,M,WQ
1022,micrograph1022.png,spheroidite,SE,1964X,10.0,um,103,40.0,AC1 970C 90M Q,970.0,C,90.0,M,Q
1023,micrograph1023.tif,network,SE,49X,500.0,um,129,,,,,,,
1025,micrograph1025.tif,pearlite,BSE,6383x,2.0,um,67,47.0,SIS_XL.TIF,,,,,
1026,micrograph1026.tif,network,SE,49X,500.0,um,129,,,,,,,
1027,micrograph1027.tif,spheroidite,BSE,1964X,10.0,um,103,33.0,AC1 970C 90M WQ-2C,970.0,C,90.0,M,WQ-2C
1028,micrograph1028.tif,spheroidite,SE,1964X,10.0,um,103,16.0,AC1 800C 8H Q,800.0,C,8.0,H,Q
1030,micrograph1030.tif,martensite,BSE,786x,20.0,um,83,41.0,AC1 IS1010H 35X etched,,,,,
1031,micrograph1031.tif,spheroidite,SE,4910X,5.0,um,129,7.0,AC1 800C 3H WQ,800.0,C,3.0,H,WQ
1032,micrograph1032.png,spheroidite,,1964X,10.0,um,103,37.0,AC1 970C 3H Q,970.0,C,3.0,H,Q
1033,micrograph1033.tif,pearlite+spheroidite,SE,4910X,5.0,um,129,,,,,,,
1035,micrograph1035.tif,network,,49X,500.0,um,129,4.0,AC1 1000C 5M WQ,1000.0,C,5.0,M,WQ
1038,micrograph1038.tif,spheroidite,SE,982x,20.0,um,103,17.0,AC1 800C 85H Q,800.0,C,85.0,H,Q
1039,micrograph1039.tif,pearlite,SE,3437x,5.0,um,90,,,,,,,
1040,micrograph1040.tif,network,SE,98x,200.0,um,103,3.0,AC1 + vickers mark,,,,,
1045,micrograph1045.png,spheroidite,SE,1964X,10.0,um,103,36.0,AC1 970C 24H Q,970.0,C,24.0,H,Q
1046,micrograph1046.tif,pearlite+widmanstatten,SE,1473X,20.0,um,154,,,,,,,
1048,micrograph1048.tif,martensite,BSE,1178X,20.0,um,124,47.0,SIS_XL.TIF,,,,,
1049,micrograph1049.tif,network,SE,98X,200.0,um,103,25.0,AC1 970C 24H WQ,970.0,C,24.0,H,WQ
1052,micrograph1052.tif,spheroidite,SE,3437X,5.0,um,90,29.0,AC1 970C 90M AR,970.0,C,90.0,M,AR
1053,micrograph1053.tif,pearlite,SE,4910x,5.0,um,129,42.0,ET Gyro,,,,,
1054,micrograph1054.tif,spheroidite,SE,1473X,20.0,um,154,28.0,AC1 970C 8H WQ,970.0,C,8.0,H,WQ
1055,micrograph1055.tif,martensite,SE,1964X,10.0,um,103,41.0,AC1 IS1010H 35X etched,,,,,
1056,micrograph1056.png,spheroidite,SE,1964X,10.0,um,103,36.0,AC1 970C 24H Q,970.0,C,24.0,H,Q
1057,micrograph1057.tif,spheroidite+widmanstatten,SE,4910X,5.0,um,129,34.0,AC1 970 5M FC,970.0,C,5.0,M,FC
1058,micrograph1058.tif,spheroidite,SE,982x,20.0,um,103,37.0,AC1 970C 3H Q,970.0,C,3.0,H,Q
1059,micrograph1059.tif,spheroidite,SE,1964X,10.0,um,103,17.0,AC1 800C 85H Q,800.0,C,85.0,H,Q
1061,micrograph1061.tif,spheroidite,SE,982x,20.0,um,103,37.0,AC1 970C 3H Q,970.0,C,3.0,H,Q
1062,micrograph1062.tif,pearlite,SE,24551X,1.0,um,129,44.0,IN1 Etched Sample,,,,,
1063,micrograph1063.tif,spheroidite+widmanstatten,SE,1964X,10.0,um,103,22.0,AC1 900C 5M Q,900.0,C,5.0,M,Q
1064,micrograph1064.tif,network,SE,102x,200.0,um,107,44.0,IN1 Etched Sample,,,,,
1068,micrograph1068.tif,pearlite+spheroidite,SE,4910X,5.0,um,129,5.0,AC1 1100C 1H 650C 1H,1100.0,C,1.0,H,650-1H
1072,micrograph1072.tif,network,SE,98x,200.0,um,103,31.0,AC1 970C 90M 65C 4H FC,970.0,C,90.0,M,FC
1075,micrograph1075.tif,network,SE,98X,200.0,um,103,25.0,AC1 970C 24H WQ,970.0,C,24.0,H,WQ
1076,micrograph1076.tif,pearlite,SE,,2.0,um,103,42.0,ET Gyro,,,,,
1077,micrograph1077.tif,network,SE,98X,200.0,um,103,,,,,,,
1078,micrograph1078.tif,pearlite+widmanstatten,SE,491x,50.0,um,129,8.0,AC1 800C 5M WQ,800.0,C,5.0,M,WQ
1079,micrograph1079.tif,martensite,SE,1964X,10.0,um,103,47.0,SIS_XL.TIF,,,,,
1080,micrograph1080.tif,network,SE,49X,500.0,um,129,,,,,,,
1082,micrograph1082.tif,network,SE,49X,500.0,um,129,,,,,,,
1083,micrograph1083.tif,pearlite,SE,,2.0,um,103,44.0,IN1 Etched Sample,,,,,
1092,micrograph1092.tif,spheroidite,SE,982x,20.0,um,103,14.0,AC1 800C 3H Q,800.0,C,3.0,H,Q
1093,micrograph1093.tif,spheroidite+widmanstatten,SE,1964X,10.0,um,103,38.0,AC1 970C 5M Q,970.0,C,5.0,M,Q
1094,micrograph1094.tif,spheroidite,,1473X,20.0,um,154,26.0,AC1 970C 3H WQ,970.0,C,3.0,H,WQ
1096,micrograph1096.tif,spheroidite,SE,,2.0,um,103,6.0,AC1 800C 24H WQ,800.0,C,24.0,H,WQ
1097,micrograph1097.tif,pearlite+widmanstatten,SE,982x,20.0,um,103,,,,,,,
1098,micrograph1098.tif,spheroidite,SE,1964X,10.0,um,103,23.0,AC1 900C 90M Q,900.0,C,90.0,M,Q
1100,micrograph1100.tif,pearlite,SE,9820X,2.0,um,103,47.0,SIS_XL.TIF,,,,,
1101,micrograph1101.tif,pearlite,BSE,9820X,2.0,um,103,47.0,SIS_XL.TIF,,,,,
1102,micrograph1102.tif,pearlite,SE,,10.0,um,129,42.0,ET Gyro,,,,,
1103,micrograph1103.tif,spheroidite,SE,1964X,10.0,um,103,18.0,AC1 800C 85H WQ,800.0,C,85.0,H,WQ
1104,micrograph1104.tif,pearlite+widmanstatten,SE,982x,20.0,um,103,9.0,AC1 700C 5M WQ,700.0,C,5.0,M,WQ
1105,micrograph1105.tif,spheroidite,SE,1964X,10.0,um,103,16.0,AC1 800C 8H Q,800.0,C,8.0,H,Q
1106,micrograph1106.tif,pearlite,SE,,2.0,um,103,9.0,AC1 700C 5M WQ,700.0,C,5.0,M,WQ
1109,micrograph1109.tif,network,SE,98x,200.0,um,103,19.0,AC1 900C 90M WQ,900.0,C,90.0,M,WQ
1111,micrograph1111.tif,network,SE,,500.0,um,129,44.0,IN1 Etched Sample,,,,,
1112,micrograph1112.tif,spheroidite,SE,1964X,10.0,um,103,2.0,AC 800C 8H WQ,800.0,C,8.0,H,WQ
1117,micrograph1117.tif,spheroidite,SE,1964X,10.0,um,103,25.0,AC1 970C 24H WQ,970.0,C,24.0,H,WQ
1119,micrograph1119.tif,pearlite,SE,,2.0,um,103,47.0,SIS_XL.TIF,,,,,
1120,micrograph1120.tif,spheroidite,SE,,2.0,um,83,6.0,AC1 800C 24H WQ,800.0,C,24.0,H,WQ
1123,micrograph1123.tif,pearlite+widmanstatten,BSE,982x,20.0,um,103,,,,,,,
1126,micrograph1126.tif,pearlite,SE,4910X,5.0,um,129,47.0,SIS_XL.TIF,,,,,
1127,micrograph1127.tif,spheroidite,SE,4910X,5.0,um,129,7.0,AC1 800C 3H WQ,800.0,C,3.0,H,WQ
1128,micrograph1128.tif,network,SE,98X,200.0,um,103,37.0,AC1 970C 3H Q,970.0,C,3.0,H,Q
1129,micrograph1129.tif,spheroidite+widmanstatten,SE,491x,50.0,um,129,33.0,AC1 970C 90M WQ-2C,970.0,C,90.0,M,WQ-2C
1134,micrograph1134.tif,network,SE,98x,200.0,um,103,3.0,AC1 + vickers mark,,,,,
1136,micrograph1136.tif,spheroidite,SE,3437X,5.0,um,90,28.0,AC1 970C 8H WQ,970.0,C,8.0,H,WQ
1138,micrograph1138.tif,spheroidite,SE,4910x,5.0,um,129,11.0,AC1 800C 900C 970C 90M WQ,800.0,C,90.0,M,WQ
1139,micrograph1139.png,spheroidite,SE,1964X,10.0,um,103,39.0,AC1 970C 8H Q,970.0,C,8.0,H,Q
1140,micrograph1140.png,spheroidite,SE,1964X,10.0,um,103,36.0,AC1 970C 24H Q,970.0,C,24.0,H,Q
1142,micrograph1142.tif,network,SE,,500.0,um,129,,,,,,,
1144,micrograph1144.tif,pearlite,SE,3437X,5.0,um,90,,,,,,,
1145,micrograph1145.tif,spheroidite,SE,1964X,10.0,um,103,47.0,SIS_XL.TIF,,,,,
1146,micrograph1146.tif,spheroidite,SE,1964X,10.0,um,103,39.0,AC1 970C 8H Q,970.0,C,8.0,H,Q
1150,micrograph1150.tif,spheroidite,SE,982x,20.0,um,103,33.0,AC1 970C 90M WQ-2C,970.0,C,90.0,M,WQ-2C
1152,micrograph1152.tif,pearlite,SE,638x,20.0,um,67,,,,,,,
1155,micrograph1155.tif,pearlite,BSE,982x,20.0,um,103,47.0,SIS_XL.TIF,,,,,
1156,micrograph1156.tif,spheroidite+widmanstatten,SE,491x,50.0,um,129,32.0,AC1 970C 90M WC,970.0,C,90.0,M,WC
1157,micrograph1157.tif,pearlite,SE,4910X,5.0,um,129,,,,,,,
1159,micrograph1159.tif,spheroidite,BSE,1473X,20.0,um,154,24.0,AC1 970C 24H WQ,970.0,C,24.0,H,WQ
1161,micrograph1161.tif,spheroidite,SE,982x,20.0,um,103,37.0,AC1 970C 3H Q,970.0,C,3.0,H,Q
1162,micrograph1162.tif,network,SE,118x,200.0,um,124,9.0,AC1 700C 5M WQ,700.0,C,5.0,M,WQ
1163,micrograph1163.tif,spheroidite,BSE,1473X,20.0,um,154,24.0,AC1 970C 24H WQ,970.0,C,24.0,H,WQ
1164,micrograph1164.tif,spheroidite,BSE,982x,20.0,um,103,35.0,AC1 970C 90M FC,970.0,C,90.0,M,FC
1165,micrograph1165.tif,pearlite,SE,4910x,5.0,um,129,,,,,,,
1167,micrograph1167.tif,spheroidite,SE,982x,20.0,um,103,11.0,AC1 800C 900C 970C 90M WQ,800.0,C,90.0,M,WQ
1168,micrograph1168.tif,pearlite+spheroidite,SE,1473X,20.0,um,154,,,,,,,
1173,micrograph1173.tif,spheroidite,SE,19641x,1.0,um,103,4.0,AC1 1000C 5M WQ,1000.0,C,5.0,M,WQ
1174,micrograph1174.tif,martensite,SE,,10.0,um,129,47.0,SIS_XL.TIF,,,,,
1176,micrograph1176.tif,spheroidite,SE,982x,20.0,um,103,37.0,AC1 970C 3H Q,970.0,C,3.0,H,Q
1177,micrograph1177.tif,martensite,SE,1473X,20.0,um,154,41.0,AC1 IS1010H 35X etched,,,,,
1180,micrograph1180.tif,spheroidite,SE,982x,20.0,um,103,39.0,AC1 970C 8H Q,970.0,C,8.0,H,Q
1182,micrograph1182.tif,network,BSE,118x,200.0,um,124,24.0,AC1 970C 24H WQ,970.0,C,24.0,H,WQ
1183,micrograph1183.tif,spheroidite,SE,3437X,5.0,um,90,29.0,AC1 970C 90M AR,970.0,C,90.0,M,AR
1185,micrograph1185.tif,spheroidite,SE,982x,20.0,um,103,33.0,AC1 970C 90M WQ-2C,970.0,C,90.0,M,WQ-2C
1186,micrograph1186.tif,spheroidite,SE,982x,20.0,um,103,37.0,AC1 970C 3H Q,970.0,C,3.0,H,Q
1188,micrograph1188.tif,spheroidite,SE,4910X,5.0,um,129,16.0,AC1 800C 8H Q,800.0,C,8.0,H,Q
1189,micrograph1189.tif,spheroidite,SE,982x,20.0,um,103,37.0,AC1 970C 3H Q,970.0,C,3.0,H,Q
1192,micrograph1192.tif,spheroidite,SE,4910X,5.0,um,129,18.0,AC1 800C 85H WQ,800.0,C,85.0,H,WQ
1193,micrograph1193.tif,spheroidite,SE,982x,20.0,um,103,27.0,AC1 970C 48H WQ,970.0,C,48.0,H,WQ
1195,micrograph1195.png,spheroidite,,1964X,10.0,um,103,37.0,AC1 970C 3H Q,970.0,C,3.0,H,Q
1196,micrograph1196.tif,spheroidite,SE,4910X,5.0,um,129,6.0,AC1 800C 24H WQ,800.0,C,24.0,H,WQ
1197,micrograph1197.tif,spheroidite,SE,,2.0,um,83,6.0,AC1 800C 24H WQ,800.0,C,24.0,H,WQ
1198,micrograph1198.tif,network,SE,98X,200.0,um,103,41.0,AC1 IS1010H 35X etched,,,,,
1199,micrograph1199.tif,spheroidite,SE,3437X,5.0,um,90,40.0,AC1 970C 90M Q,970.0,C,90.0,M,Q
1200,micrograph1200.png,spheroidite,SE,1964X,10.0,um,103,40.0,AC1 970C 90M Q,970.0,C,90.0,M,Q
1201,micrograph1201.tif,spheroidite,BSE,3437x,5.0,um,90,24.0,AC1 970C 24H WQ,970.0,C,24.0,H,WQ
1202,micrograph1202.tif,spheroidite,SE,982x,20.0,um,103,36.0,AC1 970C 24H Q,970.0,C,24.0,H,Q
1204,micrograph1204.tif,pearlite+widmanstatten,SE,982x,20.0,um,103,,,,,,,
1205,micrograph1205.tif,spheroidite,SE,1964X,10.0,um,103,23.0,AC1 900C 90M Q,900.0,C,90.0,M,Q
1206,micrograph1206.tif,pearlite+spheroidite,SE,1964X,10.0,um,103,5.0,AC1 1100C 1H 650C 1H,1100.0,C,1.0,H,650-1H
1207,micrograph1207.tif,spheroidite,BSE,246x,100.0,um,129,35.0,AC1 970C 90M FC,970.0,C,90.0,M,FC
1210,micrograph1210.tif,network,SE,98X,200.0,um,103,37.0,AC1 970C 3H Q,970.0,C,3.0,H,Q
1213,micrograph1213.tif,pearlite,SE,4910x,5.0,um,129,42.0,ET Gyro,,,,,
1214,micrograph1214.tif,pearlite+widmanstatten,SE,246x,100.0,um,129,8.0,AC1 800C 5M WQ,800.0,C,5.0,M,WQ
1215,micrograph1215.tif,pearlite+widmanstatten,SE,982x,20.0,um,103,8.0,AC1 800C 5M WQ,800.0,C,5.0,M,WQ
1216,micrograph1216.tif,pearlite,SE,24551X,1.0,um,129,47.0,SIS_XL.TIF,,,,,
1217,micrograph1217.png,network,,98x,200.0,um,103,37.0,AC1 970C 3H Q,970.0,C,3.0,H,Q
1218,micrograph1218.tif,spheroidite+widmanstatten,SE,1178X,20.0,um,124,35.0,AC1 970C 90M FC,970.0,C,90.0,M,FC
1219,micrograph1219.tif,spheroidite+widmanstatten,SE,982x,20.0,um,103,37.0,AC1 970C 3H Q,970.0,C,3.0,H,Q
1223,micrograph1223.tif,spheroidite,SE,1964X,10.0,um,103,40.0,AC1 970C 90M Q,970.0,C,90.0,M,Q
1226,micrograph1226.tif,pearlite+spheroidite,SE,491x,50.0,um,129,44.0,IN1 Etched Sample,,,,,
1227,micrograph1227.tif,pearlite+spheroidite,SE,1964X,10.0,um,103,,,,,,,
1228,micrograph1228.tif,network,SE,49X,500.0,um,129,,,,,,,
1232,micrograph1232.tif,spheroidite,SE,1964X,10.0,um,103,23.0,AC1 900C 90M Q,900.0,C,90.0,M,Q
1234,micrograph1234.tif,spheroidite,SE,4910X,5.0,um,129,7.0,AC1 800C 3H WQ,800.0,C,3.0,H,WQ
1238,micrograph1238.tif,network,SE,98x,200.0,um,103,3.0,AC1 + vickers mark,,,,,
1239,micrograph1239.tif,spheroidite,SE,1964X,10.0,um,103,38.0,AC1 970C 5M Q,970.0,C,5.0,M,Q
1240,micrograph1240.tif,network,SE,98x,200.0,um,103,34.0,AC1 970 5M FC,970.0,C,5.0,M,FC
1241,micrograph1241.tif,pearlite+spheroidite,SE,4910x,5.0,um,129,,,,,,,
1243,micrograph1243.tif,pearlite+spheroidite,SE,491x,50.0,um,129,5.0,AC1 1100C 1H 650C 1H,1100.0,C,1.0,H,650-1H
1247,micrograph1247.tif,pearlite+spheroidite,SE,786x,20.0,um,83,44.0,IN1 Etched Sample,,,,,
1248,micrograph1248.tif,spheroidite,SE,4910X,5.0,um,129,7.0,AC1 800C 3H WQ,800.0,C,3.0,H,WQ
1249,micrograph1249.tif,spheroidite,SE,1964X,10.0,um,103,29.0,AC1 970C 90M AR,970.0,C,90.0,M,AR
1252,micrograph1252.tif,spheroidite+widmanstatten,SE,3437X,5.0,um,90,34.0,AC1 970 5M FC,970.0,C,5.0,M,FC
1254,micrograph1254.tif,network,SE,49X,500.0,um,129,,,,,,,
1255,micrograph1255.tif,pearlite+widmanstatten,SE,1473X,20.0,um,154,,,,,,,
1256,micrograph1256.tif,spheroidite,SE,1964X,10.0,um,103,33.0,AC1 970C 90M WQ-2C,970.0,C,90.0,M,WQ-2C
1257,micrograph1257.tif,spheroidite,SE,1178X,20.0,um,124,21.0,AC1 900C 3H Q,900.0,C,3.0,H,Q
1259,micrograph1259.tif,network,SE,49X,500.0,um,129,,,,,,,
1260,micrograph1260.tif,pearlite,SE,11785x,2.0,um,124,3.0,AC1 + vickers mark,,,,,
1261,micrograph1261.tif,spheroidite+widmanstatten,SE,982x,20.0,um,103,20.0,AC1 900C 24H Q,900.0,C,24.0,H,Q
1262,micrograph1262.tif,spheroidite,SE,,10.0,um,129,4.0,AC1 1000C 5M WQ,1000.0,C,5.0,M,WQ
1265,micrograph1265.tif,spheroidite,SE,4910X,5.0,um,129,2.0,AC 800C 8H WQ,800.0,C,8.0,H,WQ
1266,micrograph1266.tif,network,SE,246x,100.0,um,129,12.0,AC1 800C 90M WQ,800.0,C,90.0,M,WQ
1267,micrograph1267.tif,pearlite+widmanstatten,BSE,,10.0,um,129,,,,,,,
1268,micrograph1268.tif,pearlite+spheroidite,SE,1178X,20.0,um,124,,,,,,,
1271,micrograph1271.tif,pearlite+spheroidite,SE,,10.0,um,129,,,,,,,
1272,micrograph1272.tif,network,BSE,98x,200.0,um,103,7.0,AC1 800C 3H WQ,800.0,C,3.0,H,WQ
1273,micrograph1273.tif,spheroidite,SE,786x,20.0,um,83,33.0,AC1 970C 90M WQ-2C,970.0,C,90.0,M,WQ-2C
1274,micrograph1274.tif,network,SE,49X,500.0,um,129,,,,,,,
1279,micrograph1279.tif,pearlite,SE,9820X,2.0,um,103,,,,,,,
1280,micrograph1280.tif,spheroidite,SE,982x,20.0,um,103,32.0,AC1 970C 90M WC,970.0,C,90.0,M,WC
1281,micrograph1281.tif,martensite,BSE,786x,20.0,um,83,41.0,AC1 IS1010H 35X etched,,,,,
1283,micrograph1283.tif,network,SE,98X,200.0,um,103,37.0,AC1 970C 3H Q,970.0,C,3.0,H,Q
1284,micrograph1284.tif,spheroidite,SE,982x,20.0,um,103,36.0,AC1 970C 24H Q,970.0,C,24.0,H,Q
1285,micrograph1285.tif,spheroidite,SE,982x,20.0,um,103,17.0,AC1 800C 85H Q,800.0,C,85.0,H,Q
1287,micrograph1287.tif,pearlite+widmanstatten,SE,982x,20.0,um,103,,,,,,,
1288,micrograph1288.tif,spheroidite,BSE,786x,20.0,um,83,24.0,AC1 970C 24H WQ,970.0,C,24.0,H,WQ
1289,micrograph1289.tif,spheroidite,SE,1964X,10.0,um,103,40.0,AC1 970C 90M Q,970.0,C,90.0,M,Q
1291,micrograph1291.tif,network,SE,98x,200.0,um,103,33.0,AC1 970C 90M WQ-2C,970.0,C,90.0,M,WQ-2C
1294,micrograph1294.tif,pearlite,SE,3437x,5.0,um,90,47.0,SIS_XL.TIF,,,,,
1295,micrograph1295.png,spheroidite,SE,1964X,10.0,um,103,36.0,AC1 970C 24H Q,970.0,C,24.0,H,Q
1298,micrograph1298.tif,spheroidite+widmanstatten,SE,1178X,20.0,um,124,34.0,AC1 970 5M FC,970.0,C,5.0,M,FC
1300,micrograph1300.tif,pearlite,SE,7856X,2.0,um,83,8.0,AC1 800C 5M WQ,800.0,C,5.0,M,WQ
1302,micrograph1302.tif,network,SE,98X,200.0,um,103,35.0,AC1 970C 90M FC,970.0,C,90.0,M,FC
1303,micrograph1303.tif,pearlite+spheroidite,SE,982x,20.0,um,103,,,,,,,
1304,micrograph1304.tif,spheroidite,SE,1178X,20.0,um,124,24.0,AC1 970C 24H WQ,970.0,C,24.0,H,WQ
1305,micrograph1305.tif,network,SE,,500.0,um,129,42.0,ET Gyro,,,,,
1306,micrograph1306.tif,spheroidite,SE,1964X,10.0,um,103,21.0,AC1 900C 3H Q,900.0,C,3.0,H,Q
1309,micrograph1309.png,network,SE,98X,200.0,um,103,39.0,AC1 970C 8H Q,970.0,C,8.0,H,Q
1311,micrograph1311.tif,spheroidite+widmanstatten,SE,491x,50.0,um,129,32.0,AC1 970C 90M WC,970.0,C,90.0,M,WC
1316,micrograph1316.tif,martensite,SE,491x,50.0,um,129,47.0,SIS_XL.TIF,,,,,
1318,micrograph1318.tif,spheroidite,SE,4910X,5.0,um,129,2.0,AC 800C 8H WQ,800.0,C,8.0,H,WQ
1321,micrograph1321.tif,network,BSE,98x,200.0,um,103,24.0,AC1 970C 24H WQ,970.0,C,24.0,H,WQ
1322,micrograph1322.tif,spheroidite,SE,1964X,10.0,um,103,6.0,AC1 800C 24H WQ,800.0,C,24.0,H,WQ
1324,micrograph1324.tif,network,SE,32X,500.0,um,85,47.0,SIS_XL.TIF,,,,,
1326,micrograph1326.tif,pearlite,BSE,,2.0,um,103,47.0,SIS_XL.TIF,,,,,
1327,micrograph1327.tif,spheroidite,,3437X,5.0,um,90,26.0,AC1 970C 3H WQ,970.0,C,3.0,H,WQ
1329,micrograph1329.tif,spheroidite,SE,1964X,10.0,um,103,2.0,AC 800C 8H WQ,800.0,C,8.0,H,WQ
1330,micrograph1330.tif,spheroidite,SE,1473X,20.0,um,154,32.0,AC1 970C 90M WC,970.0,C,90.0,M,WC
1331,micrograph1331.tif,spheroidite+widmanstatten,SE,1473X,20.0,um,154,39.0,AC1 970C 8H Q,970.0,C,8.0,H,Q
1332,micrograph1332.tif,pearlite,SE,,2.0,um,103,44.0,IN1 Etched Sample,,,,,
1333,micrograph1333.tif,pearlite,SE,6383X,2.0,um,67,47.0,SIS_XL.TIF,,,,,
1337,micrograph1337.tif,spheroidite,SE,4910X,5.0,um,129,18.0,AC1 800C 85H WQ,800.0,C,85.0,H,WQ
1338,micrograph1338.tif,pearlite,SE,9820X,2.0,um,103,47.0,SIS_XL.TIF,,,,,
1339,micrograph1339.tif,spheroidite,SE,,2.0,um,67,14.0,AC1 800C 3H Q,800.0,C,3.0,H,Q
1344,micrograph1344.tif,network,BSE,98X,200.0,um,103,7.0,AC1 800C 3H WQ,800.0,C,3.0,H,WQ
1347,micrograph1347.tif,network,SE,98x,200.0,um,103,34.0,AC1 970 5M FC,970.0,C,5.0,M,FC
1348,micrograph1348.tif,spheroidite,SE,982x,20.0,um,103,21.0,AC1 900C 3H Q,900.0,C,3.0,H,Q
1349,micrograph1349.tif,spheroidite,SE,1964X,10.0,um,103,40.0,AC1 970C 90M Q,970.0,C,90.0,M,Q
1351,micrograph1351.tif,network,SE,98x,200.0,um,103,32.0,AC1 970C 90M WC,970.0,C,90.0,M,WC
1356,micrograph1356.tif,spheroidite,SE,1964X,10.0,um,103,16.0,AC1 800C 8H Q,800.0,C,8.0,H,Q
1357,micrograph1357.tif,pearlite+spheroidite,SE,982x,20.0,um,103,,,,,,,
1358,micrograph1358.tif,pearlite,SE,,2.0,um,103,44.0,IN1 Etched Sample,,,,,
1359,micrograph1359.tif,spheroidite,SE,982x,20.0,um,103,13.0,AC1 800C 24H Q,800.0,C,24.0,H,Q
1361,micrograph1361.tif,spheroidite,,4910X,5.0,um,129,26.0,AC1 970C 3H WQ,970.0,C,3.0,H,WQ
1364,micrograph1364.tif,pearlite,SE,49102x,500.0,nm,129,,,,,,,
1366,micrograph1366.tif,pearlite+spheroidite,SE,982x,20.0,um,103,,,,,,,
1367,micrograph1367.tif,spheroidite+widmanstatten,SE,1964X,10.0,um,103,34.0,AC1 970 5M FC,970.0,C,5.0,M,FC
1368,micrograph1368.tif,spheroidite,SE,1964X,10.0,um,103,28.0,AC1 970C 8H WQ,970.0,C,8.0,H,WQ
1370,micrograph1370.tif,pearlite+widmanstatten,SE,982x,20.0,um,103,47.0,SIS_XL.TIF,,,,,
1371,micrograph1371.tif,network,SE,,500.0,um,128,42.0,ET Gyro,,,,,
1372,micrograph1372.tif,spheroidite,SE,1964X,10.0,um,103,2.0,AC 800C 8H WQ,800.0,C,8.0,H,WQ
1374,micrograph1374.png,network,SE,98X,200.0,um,103,39.0,AC1 970C 8H Q,970.0,C,8.0,H,Q
1376,micrograph1376.tif,pearlite,SE,49102x,500.0,nm,129,,,,,,,
1378,micrograph1378.tif,pearlite,SE,3437x,5.0,um,90,,,,,,,
1379,micrograph1379.tif,spheroidite,SE,982x,20.0,um,103,25.0,AC1 970C 24H WQ,970.0,C,24.0,H,WQ
1384,micrograph1384.tif,pearlite,SE,34372X,500.0,nm,90,47.0,SIS_XL.TIF,,,,,
1385,micrograph1385.tif,spheroidite,SE,,2.0,um,83,33.0,AC1 970C 90M WQ-2C,970.0,C,90.0,M,WQ-2C
1388,micrograph1388.tif,spheroidite,SE,,2.0,um,103,18.0,AC1 800C 85H WQ,800.0,C,85.0,H,WQ
1389,micrograph1389.png,spheroidite,SE,1964X,10.0,um,103,40.0,AC1 970C 90M Q,970.0,C,90.0,M,Q
1390,micrograph1390.tif,pearlite+spheroidite,SE,3437x,5.0,um,90,,,,,,,
1391,micrograph1391.tif,spheroidite,SE,1964X,10.0,um,103,13.0,AC1 800C 24H Q,800.0,C,24.0,H,Q
1392,micrograph1392.tif,spheroidite,SE,982x,20.0,um,103,36.0,AC1 970C 24H Q,970.0,C,24.0,H,Q
1393,micrograph1393.tif,pearlite,SE,3437x,5.0,um,90,47.0,SIS_XL.TIF,,,,,
1394,micrograph1394.tif,network,SE,98X,200.0,um,103,37.0,AC1 970C 3H Q,970.0,C,3.0,H,Q
1395,micrograph1395.tif,pearlite+widmanstatten,SE,786x,20.0,um,83,,,,,,,
1396,micrograph1396.tif,martensite,BSE,1178X,20.0,um,124,47.0,SIS_XL.TIF,,,,,
1397,micrograph1397.tif,pearlite,SE,34372X,500.0,nm,90,47.0,SIS_XL.TIF,,,,,
1398,micrograph1398.tif,pearlite+spheroidite,SE,982x,20.0,um,103,,,,,,,
1399,micrograph1399.tif,network,SE,98X,200.0,um,103,31.0,AC1 970C 90M 65C 4H FC,970.0,C,90.0,M,FC
1400,micrograph1400.tif,pearlite,SE,2455X,10.0,um,129,3.0,AC1 + vickers mark,,,,,
1404,micrograph1404.tif,spheroidite,SE,1964X,10.0,um,103,13.0,AC1 800C 24H Q,800.0,C,24.0,H,Q
1405,micrograph1405.tif,network,SE,,100.0,um,103,11.0,AC1 800C 900C 970C 90M WQ,800.0,C,90.0,M,WQ
1406,micrograph1406.tif,pearlite,SE,24551X,1.0,um,129,47.0,SIS_XL.TIF,,,,,
1407,micrograph1407.tif,spheroidite,SE,4910X,5.0,um,129,32.0,AC1 970C 90M WC,970.0,C,90.0,M,WC
1408,micrograph1408.tif,network,SE,98x,200.0,um,103,6.0,AC1 800C 24H WQ,800.0,C,24.0,H,WQ
1409,micrograph1409.tif,network,SE,98X,200.0,um,103,37.0,AC1 970C 3H Q,970.0,C,3.0,H,Q
1411,micrograph1411.tif,spheroidite,SE,982x,20.0,um,103,13.0,AC1 800C 24H Q,800.0,C,24.0,H,Q
1412,micrograph1412.png,network,SE,98x,200.0,um,103,36.0,AC1 970C 24H Q,970.0,C,24.0,H,Q
1414,micrograph1414.tif,pearlite+spheroidite,SE,4910X,5.0,um,129,,,,,,,
1415,micrograph1415.tif,spheroidite+widmanstatten,SE,1964X,10.0,um,103,21.0,AC1 900C 3H Q,900.0,C,3.0,H,Q
1417,micrograph1417.tif,pearlite+widmanstatten,SE,786x,20.0,um,83,,,,,,,
1420,micrograph1420.tif,network,SE,98x,200.0,um,103,3.0,AC1 + vickers mark,,,,,
1422,micrograph1422.tif,spheroidite,SE,3437X,5.0,um,90,40.0,AC1 970C 90M Q,970.0,C,90.0,M,Q
1423,micrograph1423.tif,spheroidite,SE,982x,20.0,um,103,13.0,AC1 800C 24H Q,800.0,C,24.0,H,Q
1424,micrograph1424.tif,martensite,SE,1473X,20.0,um,154,41.0,AC1 IS1010H 35X etched,,,,,
1426,micrograph1426.tif,spheroidite,SE,982x,20.0,um,103,20.0,AC1 900C 24H Q,900.0,C,24.0,H,Q
1427,micrograph1427.tif,spheroidite,SE,982x,20.0,um,103,36.0,AC1 970C 24H Q,970.0,C,24.0,H,Q
1431,micrograph1431.tif,spheroidite+widmanstatten,SE,491x,50.0,um,129,47.0,SIS_XL.TIF,,,,,
1432,micrograph1432.tif,pearlite+spheroidite,SE,3437X,5.0,um,90,,,,,,,
1433,micrograph1433.tif,pearlite+spheroidite,SE,4910X,5.0,um,129,,,,,,,
1435,micrograph1435.tif,spheroidite+widmanstatten,SE,4910X,5.0,um,129,34.0,AC1 970 5M FC,970.0,C,5.0,M,FC
1436,micrograph1436.tif,network,SE,98x,200.0,um,103,3.0,AC1 + vickers mark,,,,,
1440,micrograph1440.tif,spheroidite,SE,638x,20.0,um,67,25.0,AC1 970C 24H WQ,970.0,C,24.0,H,WQ
1441,micrograph1441.tif,pearlite+spheroidite,SE,3437X,5.0,um,90,31.0,AC1 970C 90M 65C 4H FC,970.0,C,90.0,M,FC
1444,micrograph1444.tif,network,SE,98X,200.0,um,103,47.0,SIS_XL.TIF,,,,,
1446,micrograph1446.tif,network,SE,49X,500.0,um,129,33.0,AC1 970C 90M WQ-2C,970.0,C,90.0,M,WQ-2C
1447,micrograph1447.tif,spheroidite,SE,4910X,5.0,um,129,23.0,AC1 900C 90M Q,900.0,C,90.0,M,Q
1449,micrograph1449.tif,martensite,SE,,10.0,um,129,41.0,AC1 IS1010H 35X etched,,,,,
1450,micrograph1450.tif,pearlite+spheroidite,SE,11785x,2.0,um,124,,,,,,,
1451,micrograph1451.tif,network,BSE,,200.0,um,105,43.0,Gaunt - Utah 1.5 yr explant M,,,,,
1452,micrograph1452.tif,pearlite,SE,4910X,5.0,um,129,47.0,SIS_XL.TIF,,,,,
1454,micrograph1454.tif,network,SE,98X,200.0,um,103,37.0,AC1 970C 3H Q,970.0,C,3.0,H,Q
1455,micrograph1455.tif,pearlite+spheroidite,SE,3437X,5.0,um,90,,,,,,,
1456,micrograph1456.tif,spheroidite,SE,3437X,5.0,um,90,40.0,AC1 970C 90M Q,970.0,C,90.0,M,Q
1457,micrograph1457.tif,spheroidite,SE,491x,50.0,um,129,29.0,AC1 970C 90M AR,970.0,C,90.0,M,AR
1458,micrograph1458.tif,pearlite+spheroidite,SE,6383X,2.0,um,67,,,,,,,
1466,micrograph1466.tif,spheroidite,SE,1964X,10.0,um,103,36.0,AC1 970C 24H Q,970.0,C,24.0,H,Q
1467,micrograph1467.tif,pearlite,SE,63833X,200.0,nm,67,47.0,SIS_XL.TIF,,,,,
1468,micrograph1468.tif,network,SE,98x,200.0,um,103,26.0,AC1 970C 3H WQ,970.0,C,3.0,H,WQ
1469,micrograph1469.tif,spheroidite,SE,982x,20.0,um,103,21.0,AC1 900C 3H Q,900.0,C,3.0,H,Q
1473,micrograph1473.tif,pearlite,SE,,2.0,um,103,44.0,IN1 Etched Sample,,,,,
1474,micrograph1474.tif,spheroidite,SE,3437X,5.0,um,90,40.0,AC1 970C 90M Q,970.0,C,90.0,M,Q
1479,micrograph1479.tif,network,SE,,500.0,um,129,42.0,ET Gyro,,,,,
1482,micrograph1482.tif,spheroidite,SE,,2.0,um,103,14.0,AC1 800C 3H Q,800.0,C,3.0,H,Q
1483,micrograph1483.tif,spheroidite,SE,982x,20.0,um,103,39.0,AC1 970C 8H Q,970.0,C,8.0,H,Q
1485,micrograph1485.tif,network,SE,98X,200.0,um,103,47.0,SIS_XL.TIF,,,,,
1487,micrograph1487.tif,network,SE,49X,500.0,um,129,,,,,,,
1489,micrograph1489.tif,pearlite+spheroidite,BSE,1964X,10.0,um,103,,,,,,,
1490,micrograph1490.png,network,,98x,200.0,um,103,37.0,AC1 970C 3H Q,970.0,C,3.0,H,Q
1492,micrograph1492.tif,spheroidite+widmanstatten,SE,638x,20.0,um,67,35.0,AC1 970C 90M FC,970.0,C,90.0,M,FC
1497,micrograph1497.tif,pearlite,BSE,3437x,5.0,um,90,,,,,,,
1500,micrograph1500.tif,spheroidite+widmanstatten,SE,7856X,2.0,um,83,34.0,AC1 970 5M FC,970.0,C,5.0,M,FC
1501,micrograph1501.tif,pearlite,SE,,2.0,um,103,42.0,ET Gyro,,,,,
1502,micrograph1502.tif,pearlite+spheroidite,SE,3437x,5.0,um,90,,,,,,,
1503,micrograph1503.tif,pearlite+spheroidite,SE,,2.0,um,103,35.0,AC1 970C 90M FC,970.0,C,90.0,M,FC
1504,micrograph1504.tif,network,SE,49X,500.0,um,129,,,,,,,
1506,micrograph1506.tif,spheroidite,SE,1964X,10.0,um,103,25.0,AC1 970C 24H WQ,970.0,C,24.0,H,WQ
1507,micrograph1507.tif,spheroidite,SE,4910X,5.0,um,129,23.0,AC1 900C 90M Q,900.0,C,90.0,M,Q
1509,micrograph1509.tif,pearlite,BSE,4910X,5.0,um,129,47.0,SIS_XL.TIF,,,,,
1510,micrograph1510.tif,network,SE,,100.0,um,103,26.0,AC1 970C 3H WQ,970.0,C,3.0,H,WQ
1513,micrograph1513.tif,pearlite+spheroidite,BSE,,10.0,um,129,,,,,,,
1514,micrograph1514.tif,pearlite+spheroidite,SE,19641x,1.0,um,103,,,,,,,
1515,micrograph1515.tif,spheroidite,SE,4910X,5.0,um,129,6.0,AC1 800C 24H WQ,800.0,C,24.0,H,WQ
1516,micrograph1516.tif,spheroidite,SE,982x,20.0,um,103,39.0,AC1 970C 8H Q,970.0,C,8.0,H,Q
1517,micrograph1517.tif,spheroidite,SE,3437X,5.0,um,90,33.0,AC1 970C 90M WQ-2C,970.0,C,90.0,M,WQ-2C
1518,micrograph1518.tif,spheroidite,SE,982x,20.0,um,103,24.0,AC1 970C 24H WQ,970.0,C,24.0,H,WQ
1519,micrograph1519.tif,network,SE,47X,500.0,um,123,47.0,SIS_XL.TIF,,,,,
1520,micrograph1520.tif,spheroidite,SE,1964X,10.0,um,103,20.0,AC1 900C 24H Q,900.0,C,24.0,H,Q
1521,micrograph1521.tif,spheroidite,BSE,491x,50.0,um,129,24.0,AC1 970C 24H WQ,970.0,C,24.0,H,WQ
1522,micrograph1522.tif,spheroidite,SE,4910X,5.0,um,129,34.0,AC1 970 5M FC,970.0,C,5.0,M,FC
1524,micrograph1524.tif,spheroidite,SE,982x,20.0,um,103,14.0,AC1 800C 3H Q,800.0,C,3.0,H,Q
1525,micrograph1525.tif,pearlite+spheroidite,SE,4910X,5.0,um,129,,,,,,,
1526,micrograph1526.tif,pearlite+spheroidite,SE,,10.0,um,129,,,,,,,
1527,micrograph1527.tif,pearlite+spheroidite,SE,982x,20.0,um,103,,,,,,,
1528,micrograph1528.tif,spheroidite+widmanstatten,SE,982x,20.0,um,103,47.0,SIS_XL.TIF,,,,,
1531,micrograph1531.tif,martensite,BSE,1178X,20.0,um,124,41.0,AC1 IS1010H 35X etched,,,,,
1532,micrograph1532.tif,pearlite+spheroidite,SE,3437X,5.0,um,90,,,,,,,
1536,micrograph1536.tif,spheroidite,SE,4910X,5.0,um,129,2.0,AC 800C 8H WQ,800.0,C,8.0,H,WQ
1538,micrograph1538.tif,spheroidite,SE,982x,20.0,um,103,17.0,AC1 800C 85H Q,800.0,C,85.0,H,Q
1539,micrograph1539.tif,network,SE,49X,500.0,um,129,,,,,,,
1540,micrograph1540.tif,pearlite,SE,14731x,2.0,um,154,,,,,,,
1542,micrograph1542.tif,pearlite,SE,11785x,2.0,um,124,,,,,,,
1543,micrograph1543.tif,spheroidite,SE,19641X,1.0,um,103,34.0,AC1 970 5M FC,970.0,C,5.0,M,FC
1544,micrograph1544.tif,pearlite,SE,3437X,5.0,um,90,,,,,,,
1549,micrograph1549.tif,spheroidite+widmanstatten,SE,3437X,5.0,um,90,34.0,AC1 970 5M FC,970.0,C,5.0,M,FC
1551,micrograph1551.tif,spheroidite+widmanstatten,SE,1178X,20.0,um,124,38.0,AC1 970C 5M Q,970.0,C,5.0,M,Q
1552,micrograph1552.tif,martensite,BSE,98x,200.0,um,103,41.0,AC1 IS1010H 35X etched,,,,,
1554,micrograph1554.tif,pearlite,SE,19641x,1.0,um,103,42.0,ET Gyro,,,,,
1555,micrograph1555.tif,spheroidite,,1473X,20.0,um,154,26.0,AC1 970C 3H WQ,970.0,C,3.0,H,WQ
1556,micrograph1556.tif,spheroidite,SE,,10.0,um,129,32.0,AC1 970C 90M WC,970.0,C,90.0,M,WC
1558,micrograph1558.tif,network,SE,98X,200.0,um,103,37.0,AC1 970C 3H Q,970.0,C,3.0,H,Q
1560,micrograph1560.tif,spheroidite+widmanstatten,SE,2455X,10.0,um,129,34.0,AC1 970 5M FC,970.0,C,5.0,M,FC
1561,micrograph1561.tif,network,SE,98X,200.0,um,103,25.0,AC1 970C 24H WQ,970.0,C,24.0,H,WQ
1562,micrograph1562.tif,spheroidite,SE,4910X,5.0,um,129,32.0,AC1 970C 90M WC,970.0,C,90.0,M,WC
1565,micrograph1565.tif,network,SE,79x,200.0,um,83,29.0,AC1 970C 90M AR,970.0,C,90.0,M,AR
1569,micrograph1569.png,spheroidite,SE,1964X,10.0,um,103,36.0,AC1 970C 24H Q,970.0,C,24.0,H,Q
1570,micrograph1570.tif,pearlite+spheroidite,BSE,1178X,20.0,um,124,,,,,,,
1571,micrograph1571.png,spheroidite,SE,1964X,10.0,um,103,36.0,AC1 970C 24H Q,970.0,C,24.0,H,Q
1572,micrograph1572.tif,spheroidite,SE,1964X,10.0,um,103,21.0,AC1 900C 3H Q,900.0,C,3.0,H,Q
1573,micrograph1573.tif,spheroidite+widmanstatten,SE,638x,20.0,um,67,34.0,AC1 970 5M FC,970.0,C,5.0,M,FC
1574,micrograph1574.tif,pearlite+spheroidite,SE,982x,20.0,um,103,,,,,,,
1575,micrograph1575.tif,network,SE,49X,500.0,um,129,,,,,,,
1579,micrograph1579.tif,spheroidite,SE,1964X,10.0,um,103,23.0,AC1 900C 90M Q,900.0,C,90.0,M,Q
1580,micrograph1580.tif,spheroidite,SE,1964X,10.0,um,103,18.0,AC1 800C 85H WQ,800.0,C,85.0,H,WQ
1581,micrograph1581.tif,spheroidite,SE,982x,20.0,um,103,32.0,AC1 970C 90M WC,970.0,C,90.0,M,WC
1582,micrograph1582.tif,pearlite+spheroidite,SE,786x,20.0,um,83,,,,,,,
1583,micrograph1583.tif,network,SE,98X,200.0,um,103,31.0,AC1 970C 90M 65C 4H FC,970.0,C,90.0,M,FC
1584,micrograph1584.tif,network,SE,,500.0,um,129,44.0,IN1 Etched Sample,,,,,
1586,micrograph1586.tif,spheroidite+widmanstatten,SE,982x,20.0,um,103,38.0,AC1 970C 5M Q,970.0,C,5.0,M,Q
1587,micrograph1587.tif,pearlite,BSE,,2.0,um,83,,,,,,,
1588,micrograph1588.tif,pearlite,SE,19641x,1.0,um,103,42.0,ET Gyro,,,,,
1589,micrograph1589.tif,pearlite,SE,9820X,2.0,um,103,47.0,SIS_XL.TIF,,,,,
1593,micrograph1593.tif,network,SE,49X,500.0,um,129,,,,,,,
1595,micrograph1595.tif,pearlite+spheroidite,SE,4910x,5.0,um,129,,,,,,,
1597,micrograph1597.tif,pearlite,SE,,2.0,um,103,42.0,ET Gyro,,,,,
1599,micrograph1599.tif,martensite,SE,,100.0,um,103,47.0,SIS_XL.TIF,,,,,
1601,micrograph1601.tif,spheroidite+widmanstatten,SE,491x,50.0,um,129,26.0,AC1 970C 3H WQ,970.0,C,3.0,H,WQ
1603,micrograph1603.tif,network,BSE,98x,200.0,um,103,37.0,AC1 970C 3H Q,970.0,C,3.0,H,Q
1605,micrograph1605.tif,pearlite,SE,7856X,2.0,um,83,8.0,AC1 800C 5M WQ,800.0,C,5.0,M,WQ
1607,micrograph1607.tif,spheroidite,SE,1964X,10.0,um,103,29.0,AC1 970C 90M AR,970.0,C,90.0,M,AR
1608,micrograph1608.tif,spheroidite,SE,982x,20.0,um,103,20.0,AC1 900C 24H Q,900.0,C,24.0,H,Q
1610,micrograph1610.tif,spheroidite+widmanstatten,,638x,20.0,um,67,26.0,AC1 970C 3H WQ,970.0,C,3.0,H,WQ
1611,micrograph1611.tif,spheroidite,SE,1964X,10.0,um,103,37.0,AC1 970C 3H Q,970.0,C,3.0,H,Q
1613,micrograph1613.tif,spheroidite,SE,1964X,10.0,um,103,4.0,AC1 1000C 5M WQ,1000.0,C,5.0,M,WQ
1615,micrograph1615.tif,network,BSE,,200.0,um,105,43.0,Gaunt - Utah 1.5 yr explant M,,,,,
1623,micrograph1623.tif,spheroidite,SE,4910X,5.0,um,129,7.0,AC1 800C 3H WQ,800.0,C,3.0,H,WQ
1624,micrograph1624.tif,spheroidite,SE,4910X,5.0,um,129,14.0,AC1 800C 3H Q,800.0,C,3.0,H,Q
1625,micrograph1625.tif,network,BSE,62x,500.0,um,161,43.0,Gaunt - Utah 1.5 yr explant M,,,,,
1626,micrograph1626.tif,spheroidite,SE,4910X,5.0,um,129,18.0,AC1 800C 85H WQ,800.0,C,85.0,H,WQ
1627,micrograph1627.tif,network,SE,98X,200.0,um,103,31.0,AC1 970C 90M 65C 4H FC,970.0,C,90.0,M,FC
1633,micrograph1633.png,spheroidite,,1964X,10.0,um,103,37.0,AC1 970C 3H Q,970.0,C,3.0,H,Q
1634,micrograph1634.tif,spheroidite,SE,1964X,10.0,um,103,17.0,AC1 800C 85H Q,800.0,C,85.0,H,Q
1635,micrograph1635.tif,pearlite+spheroidite,BSE,982x,20.0,um,103,,,,,,,
1637,micrograph1637.tif,spheroidite,SE,982x,20.0,um,103,36.0,AC1 970C 24H Q,970.0,C,24.0,H,Q
1638,micrograph1638.tif,pearlite,SE,24551X,1.0,um,129,47.0,SIS_XL.TIF,,,,,
1639,micrograph1639.tif,pearlite,SE,4910x,5.0,um,129,,,,,,,
1640,micrograph1640.tif,spheroidite,SE,1473X,20.0,um,154,31.0,AC1 970C 90M 65C 4H FC,970.0,C,90.0,M,FC
1642,micrograph1642.tif,pearlite,SE,63833X,200.0,nm,67,,,,,,,
1643,micrograph1643.tif,pearlite+spheroidite,SE,4910X,5.0,um,129,,,,,,,
1644,micrograph1644.tif,pearlite+spheroidite,SE,1964X,10.0,um,103,31.0,AC1 970C 90M 65C 4H FC,970.0,C,90.0,M,FC
1645,micrograph1645.tif,spheroidite,SE,1964X,10.0,um,103,6.0,AC1 800C 24H WQ,800.0,C,24.0,H,WQ
1648,micrograph1648.tif,spheroidite,SE,982x,20.0,um,103,13.0,AC1 800C 24H Q,800.0,C,24.0,H,Q
1651,micrograph1651.tif,spheroidite,,982x,20.0,um,103,26.0,AC1 970C 3H WQ,970.0,C,3.0,H,WQ
1654,micrograph1654.tif,pearlite,SE,4910x,5.0,um,129,44.0,IN1 Etched Sample,,,,,
1655,micrograph1655.tif,pearlite,SE,,2.0,um,103,42.0,ET Gyro,,,,,
1656,micrograph1656.tif,pearlite+spheroidite,SE,4910x,5.0,um,129,,,,,,,
1657,micrograph1657.tif,pearlite+spheroidite,BSE,,10.0,um,129,,,,,,,
1661,micrograph1661.tif,network,BSE,,200.0,um,105,43.0,Gaunt - Utah 1.5 yr explant M,,,,,
1662,micrograph1662.tif,pearlite+spheroidite,SE,3437X,5.0,um,90,31.0,AC1 970C 90M 65C 4H FC,970.0,C,90.0,M,FC
1666,micrograph1666.tif,network,BSE,,500.0,um,129,47.0,SIS_XL.TIF,,,,,
1667,micrograph1667.tif,spheroidite,SE,3437X,5.0,um,90,40.0,AC1 970C 90M Q,970.0,C,90.0,M,Q
1668,micrograph1668.tif,pearlite+spheroidite,SE,982x,20.0,um,103,,,,,,,
1671,micrograph1671.tif,pearlite,SE,19641x,1.0,um,103,42.0,ET Gyro,,,,,
1672,micrograph1672.tif,spheroidite,SE,4910x,5.0,um,129,11.0,AC1 800C 900C 970C 90M WQ,800.0,C,90.0,M,WQ
1675,micrograph1675.tif,spheroidite+widmanstatten,SE,7856X,2.0,um,83,34.0,AC1 970 5M FC,970.0,C,5.0,M,FC
1676,micrograph1676.png,spheroidite,,1964X,10.0,um,103,37.0,AC1 970C 3H Q,970.0,C,3.0,H,Q
1677,micrograph1677.tif,spheroidite,,1964X,10.0,um,103,26.0,AC1 970C 3H WQ,970.0,C,3.0,H,WQ
1682,micrograph1682.tif,spheroidite,SE,982x,20.0,um,103,39.0,AC1 970C 8H Q,970.0,C,8.0,H,Q
1683,micrograph1683.tif,network,SE,49X,500.0,um,129,,,,,,,
1684,micrograph1684.tif,pearlite+widmanstatten,SE,1964X,10.0,um,103,,,,,,,
1686,micrograph1686.tif,spheroidite,SE,4910X,5.0,um,129,34.0,AC1 970 5M FC,970.0,C,5.0,M,FC
1689,micrograph1689.tif,spheroidite,SE,1964X,10.0,um,103,18.0,AC1 800C 85H WQ,800.0,C,85.0,H,WQ
1693,micrograph1693.tif,spheroidite,SE,982x,20.0,um,103,36.0,AC1 970C 24H Q,970.0,C,24.0,H,Q
1694,micrograph1694.tif,spheroidite,SE,4910X,5.0,um,129,38.0,AC1 970C 5M Q,970.0,C,5.0,M,Q
1696,micrograph1696.tif,pearlite,SE,,2.0,um,103,47.0,SIS_XL.TIF,,,,,
1697,micrograph1697.tif,martensite,SE,246x,100.0,um,129,47.0,SIS_XL.TIF,,,,,
1698,micrograph1698.tif,pearlite,SE,19641x,1.0,um,103,42.0,ET Gyro,,,,,
1700,micrograph1700.tif,martensite,SE,982x,20.0,um,103,47.0,SIS_XL.TIF,,,,,
1702,micrograph1702.tif,network,BSE,98X,200.0,um,103,47.0,SIS_XL.TIF,,,,,
1703,micrograph1703.tif,spheroidite,SE,4910x,5.0,um,129,19.0,AC1 900C 90M WQ,900.0,C,90.0,M,WQ
1707,micrograph1707.tif,spheroidite,SE,1964X,10.0,um,103,2.0,AC 800C 8H WQ,800.0,C,8.0,H,WQ
1710,micrograph1710.tif,network,SE,98x,200.0,um,103,35.0,AC1 970C 90M FC,970.0,C,90.0,M,FC
1712,micrograph1712.tif,spheroidite,SE,1473X,20.0,um,154,24.0,AC1 970C 24H WQ,970.0,C,24.0,H,WQ
1716,micrograph1716.tif,spheroidite,SE,1964X,10.0,um,103,17.0,AC1 800C 85H Q,800.0,C,85.0,H,Q
1718,micrograph1718.tif,network,SE,98X,200.0,um,103,47.0,SIS_XL.TIF,,,,,
1719,micrograph1719.tif,network,SE,98X,200.0,um,103,41.0,AC1 IS1010H 35X etched,,,,,
1720,micrograph1720.tif,spheroidite,SE,4910X,5.0,um,129,6.0,AC1 800C 24H WQ,800.0,C,24.0,H,WQ
1721,micrograph1721.tif,pearlite,SE,,2.0,um,103,44.0,IN1 Etched Sample,,,,,
1722,micrograph1722.tif,spheroidite,SE,1473X,20.0,um,154,24.0,AC1 970C 24H WQ,970.0,C,24.0,H,WQ
1723,micrograph1723.tif,martensite,BSE,1964X,10.0,um,103,41.0,AC1 IS1010H 35X etched,,,,,
1726,micrograph1726.tif,spheroidite+widmanstatten,SE,3437X,5.0,um,90,34.0,AC1 970 5M FC,970.0,C,5.0,M,FC
1730,micrograph1730.png,spheroidite,SE,1964X,10.0,um,103,40.0,AC1 970C 90M Q,970.0,C,90.0,M,Q
1731,micrograph1731.tif,pearlite,SE,24551X,1.0,um,129,47.0,SIS_XL.TIF,,,,,
1732,micrograph1732.tif,pearlite,SE,,2.0,um,67,9.0,AC1 700C 5M WQ,700.0,C,5.0,M,WQ
